state,state_fips,year,total_households,households_with_internet,households_no_internet,broadband_penetration_pct
Alabama,01,2013,1822439,1179510,45801,64.72
Alabama,01,2014,1841217,1223600,61108,66.46
Alabama,01,2015,1846390,1271411,65333,68.86
Alabama,01,2016,1852518,1391526,398154,75.12
Alabama,01,2017,1841665,1446030,342494,78.52
Alabama,01,2018,1855184,1479248,321359,79.74
Alabama,01,2019,1897576,1554796,292172,81.94
Alabama,01,2021,1967559,1679096,229752,85.34
Alabama,01,2022,2016448,1767241,200636,87.64
Alabama,01,2023,2051545,1836939,155957,89.54
Alaska,02,2013,246015,196522,7367,79.88
Alaska,02,2014,249659,204620,6545,81.96
Alaska,02,2015,250185,205582,6381,82.17
Alaska,02,2016,248468,214498,28566,86.33
Alaska,02,2017,250741,216587,29185,86.38
Alaska,02,2018,254551,223473,24576,87.79
Alaska,02,2019,252199,221864,25827,87.97
Alaska,02,2021,271311,246465,20969,90.84
Alaska,02,2022,274574,252277,15297,91.88
Alaska,02,2023,276852,258053,12887,93.21
Arizona,04,2013,2400809,1796805,69930,74.84
Arizona,04,2014,2428743,1848561,80386,76.11
Arizona,04,2015,2463008,1934229,96916,78.53
Arizona,04,2016,2519052,2103159,353476,83.49
Arizona,04,2017,2552972,2196279,299857,86.03
Arizona,04,2018,2614298,2263443,288885,86.58
Arizona,04,2019,2670441,2334078,273986,87.4
Arizona,04,2021,2817723,2580745,183758,91.59
Arizona,04,2022,2850377,2600610,178999,91.24
Arizona,04,2023,2907014,2687560,145819,92.45
Arkansas,05,2013,1125899,701461,40588,62.3
Arkansas,05,2014,1131288,728111,45067,64.36
Arkansas,05,2015,1144663,744165,59208,65.01
Arkansas,05,2016,1142718,815047,257539,71.33
Arkansas,05,2017,1153082,845170,236499,73.3
Arkansas,05,2018,1156347,893235,212223,77.25
Arkansas,05,2019,1163647,931953,199714,80.09
Arkansas,05,2021,1183675,1014379,142227,85.7
Arkansas,05,2022,1216207,1057473,129738,86.95
Arkansas,05,2023,1232871,1090713,107915,88.47
California,06,2013,12650592,9962427,268992,78.75
California,06,2014,12758648,10294825,312851,80.69
California,06,2015,12896357,10552961,356293,81.83
California,06,2016,12944178,11092697,1540021,85.7
California,06,2017,13005097,11432470,1279460,87.91
California,06,2018,13072122,11625636,1147228,88.93
California,06,2019,13157873,11836937,1062051,89.96
California,06,2021,13429063,12492698,684471,93.03
California,06,2022,13550586,12674005,618682,93.53
California,06,2023,13699816,12920016,504655,94.31
Colorado,08,2013,2002800,1612142,76680,80.49
Colorado,08,2014,2039592,1676177,83019,82.18
Colorado,08,2015,2074735,1733731,81589,83.56
Colorado,08,2016,2108992,1842663,208531,87.37
Colorado,08,2017,2139207,1895782,191466,88.62
Colorado,08,2018,2176757,1951146,180142,89.64
Colorado,08,2019,2235103,2038559,151306,91.21
Colorado,08,2021,2313042,2155129,106692,93.17
Colorado,08,2022,2384584,2225642,105328,93.33
Colorado,08,2023,2428261,2297209,78710,94.6
Connecticut,09,2013,1339860,1047564,10823,78.18
Connecticut,09,2014,1355817,1098812,15305,81.04
Connecticut,09,2015,1343703,1108097,16262,82.47
Connecticut,09,2016,1357269,1147665,173134,84.56
Connecticut,09,2017,1356762,1165229,156737,85.88
Connecticut,09,2018,1378091,1202565,141561,87.26
Connecticut,09,2019,1377166,1222955,125976,88.8
Connecticut,09,2021,1428313,1318114,82057,92.28
Connecticut,09,2022,1433635,1321503,79852,92.18
Connecticut,09,2023,1442969,1338464,66138,92.76
Delaware,10,2013,339071,255564,3625,75.37
Delaware,10,2014,349743,266404,4547,76.17
Delaware,10,2015,352595,275024,5215,78.0
Delaware,10,2016,351085,293465,46257,83.59
Delaware,10,2017,357937,309588,35128,86.49
Delaware,10,2018,367671,325679,35433,88.58
Delaware,10,2019,376239,334478,32420,88.9
Delaware,10,2021,395656,364270,24260,92.07
Delaware,10,2022,402334,372956,20779,92.7
Delaware,10,2023,412048,382539,19151,92.84
District of Columbia,11,2013,271651,201173,3201,74.06
District of Columbia,11,2014,277378,204927,2562,73.88
District of Columbia,11,2015,281787,217466,4607,77.17
District of Columbia,11,2016,281241,224807,49638,79.93
District of Columbia,11,2017,281475,233087,39962,82.81
District of Columbia,11,2018,287476,247744,34300,86.18
District of Columbia,11,2019,291570,255110,28854,87.5
District of Columbia,11,2021,319565,288292,21666,90.21
District of Columbia,11,2022,326970,303989,14853,92.97
District of Columbia,11,2023,334673,308346,15665,92.13
Florida,12,2013,7211584,5423430,104986,75.2
Florida,12,2014,7328046,5605916,120550,76.5
Florida,12,2015,7463184,5823194,119334,78.03
Florida,12,2016,7573456,6178506,1111857,81.58
Florida,12,2017,7689964,6416443,968418,83.44
Florida,12,2018,7809358,6673866,872333,85.46
Florida,12,2019,7905832,6875957,807935,86.97
Florida,12,2021,8565329,7758670,559673,90.58
Florida,12,2022,8826394,8098873,482722,91.76
Florida,12,2023,8966402,8338803,357003,93.0
Georgia,13,2013,3546965,2589486,77187,73.01
Georgia,13,2014,3587521,2654704,87416,74.0
Georgia,13,2015,3656407,2749795,89692,75.2
Georgia,13,2016,3686135,2984416,582419,80.96
Georgia,13,2017,3745074,3103424,529975,82.87
Georgia,13,2018,3803012,3191824,503557,83.93
Georgia,13,2019,3852714,3282084,470357,85.19
Georgia,13,2021,4001109,3603111,309579,90.05
Georgia,13,2022,4092467,3734559,265835,91.25
Georgia,13,2023,4150138,3838286,215623,92.49
Hawaii,15,2013,450120,358307,4150,79.6
Hawaii,15,2014,450769,366200,4847,81.24
Hawaii,15,2015,445936,368594,5198,82.66
Hawaii,15,2016,455868,380863,56672,83.55
Hawaii,15,2017,458078,388435,55524,84.8
Hawaii,15,2018,455309,391189,52435,85.92
Hawaii,15,2019,465299,410299,44198,88.18
Hawaii,15,2021,490080,449288,28801,91.68
Hawaii,15,2022,494827,451878,30334,91.32
Hawaii,15,2023,493898,457988,20735,92.73
Idaho,16,2013,588489,440707,41343,74.89
Idaho,16,2014,591587,441754,44500,74.67
Idaho,16,2015,597421,463564,42799,77.59
Idaho,16,2016,610872,488924,103714,80.04
Idaho,16,2017,625135,519258,87244,83.06
Idaho,16,2018,640270,554601,63457,86.62
Idaho,16,2019,655859,582464,53199,88.81
Idaho,16,2021,693882,629922,44838,90.78
Idaho,16,2022,717151,661102,34398,92.18
Idaho,16,2023,733244,681371,30282,92.93
Illinois,17,2013,4783421,3585530,130431,74.96
Illinois,17,2014,4772421,3633578,122393,76.14
Illinois,17,2015,4794523,3715784,130529,77.5
Illinois,17,2016,4822046,3974812,706689,82.43
Illinois,17,2017,4808672,4037466,639171,83.96
Illinois,17,2018,4864864,4153846,581667,85.38
Illinois,17,2019,4866006,4192520,546679,86.16
Illinois,17,2021,4991641,4489933,371585,89.95
Illinois,17,2022,5056360,4592631,318317,90.83
Illinois,17,2023,5071288,4654130,271937,91.77
Indiana,18,2013,2498395,1776032,77345,71.09
Indiana,18,2014,2502739,1812157,94350,72.41
Indiana,18,2015,2515143,1862137,92649,74.04
Indiana,18,2016,2533270,2021282,439481,79.79
Indiana,18,2017,2557299,2086914,397382,81.61
Indiana,18,2018,2599169,2159472,367029,83.08
Indiana,18,2019,2597765,2187463,347345,84.21
Indiana,18,2021,2680694,2399535,223993,89.51
Indiana,18,2022,2726489,2459551,198444,90.21
Indiana,18,2023,2754881,2505547,177100,90.95
Iowa,19,2013,1236209,908887,42039,73.52
Iowa,19,2014,1241471,935275,55386,75.34
Iowa,19,2015,1247249,947969,56314,76.0
Iowa,19,2016,1247932,1003251,199943,80.39
Iowa,19,2017,1257505,1036023,181205,82.39
Iowa,19,2018,1267873,1065298,163715,84.02
Iowa,19,2019,1287221,1086816,152976,84.43
Iowa,19,2021,1300467,1152412,106899,88.62
Iowa,19,2022,1330995,1195995,89760,89.86
Iowa,19,2023,1337243,1205650,84184,90.16
Kansas,20,2013,1113729,823869,39120,73.97
Kansas,20,2014,1109280,833387,39643,75.13
Kansas,20,2015,1111582,853698,41400,76.8
Kansas,20,2016,1110407,896594,176636,80.74
Kansas,20,2017,1128983,940335,153169,83.29
Kansas,20,2018,1133408,959334,138127,84.64
Kansas,20,2019,1138329,972685,133992,85.45
Kansas,20,2021,1159026,1043141,90291,90.0
Kansas,20,2022,1175294,1068917,74608,90.95
Kansas,20,2023,1188340,1089877,70763,91.71
Kentucky,21,2013,1705623,1186285,48666,69.55
Kentucky,21,2014,1712094,1192736,58452,69.67
Kentucky,21,2015,1716168,1228449,59030,71.58
Kentucky,21,2016,1717706,1335537,331241,77.75
Kentucky,21,2017,1725034,1365542,306247,79.16
Kentucky,21,2018,1732713,1421731,257178,82.05
Kentucky,21,2019,1748732,1458035,248981,83.38
Kentucky,21,2021,1785682,1559540,179382,87.34
Kentucky,21,2022,1828680,1631160,147830,89.2
Kentucky,21,2023,1853603,1671290,130439,90.16
Louisiana,22,2013,1728149,1135663,46349,65.72
Louisiana,22,2014,1718194,1157447,53775,67.36
Louisiana,22,2015,1737908,1203928,64088,69.27
Louisiana,22,2016,1720801,1285278,381457,74.69
Louisiana,22,2017,1737123,1316386,359494,75.78
Louisiana,22,2018,1737220,1359746,314291,78.27
Louisiana,22,2019,1741076,1405495,290813,80.73
Louisiana,22,2021,1783924,1525862,219987,85.53
Louisiana,22,2022,1816902,1553415,205033,85.5
Louisiana,22,2023,1833915,1615277,159360,88.08
Maine,23,2013,547686,406411,12585,74.21
Maine,23,2014,549841,417716,11990,75.97
Maine,23,2015,545226,425652,11735,78.07
Maine,23,2016,531660,434316,77564,81.69
Maine,23,2017,540959,448465,71673,82.9
Maine,23,2018,570307,482739,70704,84.65
Maine,23,2019,573618,489684,65189,85.37
Maine,23,2021,593626,534798,42432,90.09
Maine,23,2022,605338,551000,40677,91.02
Maine,23,2023,616085,567015,34222,92.04
Maryland,24,2013,2161680,1726888,32187,79.89
Maryland,24,2014,2165438,1747997,35419,80.72
Maryland,24,2015,2177934,1784615,34257,81.94
Maryland,24,2016,2194657,1889858,249042,86.11
Maryland,24,2017,2207343,1940784,220068,87.92
Maryland,24,2018,2215935,1957976,206151,88.36
Maryland,24,2019,2226767,1986802,185109,89.22
Maryland,24,2021,2355652,2165411,139824,91.92
Maryland,24,2022,2375984,2196718,121957,92.46
Maryland,24,2023,2384715,2218105,101518,93.01
Massachusetts,25,2013,2536321,2035593,20604,80.26
Massachusetts,25,2014,2549336,2065260,22419,81.01
Massachusetts,25,2015,2559951,2126375,20404,83.06
Massachusetts,25,2016,2579398,2214072,307031,85.84
Massachusetts,25,2017,2604954,2266440,285038,87.0
Massachusetts,25,2018,2624294,2313472,251566,88.16
Massachusetts,25,2019,2650680,2362113,224922,89.11
Massachusetts,25,2021,2759018,2546930,160223,92.31
Massachusetts,25,2022,2797776,2601334,139757,92.98
Massachusetts,25,2023,2800984,2631412,117480,93.95
Michigan,26,2013,3832466,2758216,116106,71.97
Michigan,26,2014,3834574,2827209,123176,73.73
Michigan,26,2015,3858532,2895117,133269,75.03
Michigan,26,2016,3884153,3144755,617279,80.96
Michigan,26,2017,3930017,3267660,545303,83.15
Michigan,26,2018,3957466,3340015,507279,84.4
Michigan,26,2019,3969880,3420792,452654,86.17
Michigan,26,2021,4051798,3653282,303570,90.16
Michigan,26,2022,4089794,3709260,283434,90.7
Michigan,26,2023,4107809,3766644,234789,91.69
Minnesota,27,2013,2119954,1650171,64839,77.84
Minnesota,27,2014,2129195,1688814,74793,79.32
Minnesota,27,2015,2147262,1726200,74257,80.39
Minnesota,27,2016,2148725,1808477,278939,84.17
Minnesota,27,2017,2162211,1868221,232534,86.4
Minnesota,27,2018,2194452,1914213,220139,87.23
Minnesota,27,2019,2222568,1962086,206870,88.28
Minnesota,27,2021,2281033,2088719,136435,91.57
Minnesota,27,2022,2322190,2141642,119273,92.23
Minnesota,27,2023,2344432,2165586,111832,92.37
Mississippi,28,2013,1091002,640213,41666,58.68
Mississippi,28,2014,1095823,656166,50198,59.88
Mississippi,28,2015,1104371,679574,57781,61.53
Mississippi,28,2016,1091245,776361,280256,71.14
Mississippi,28,2017,1091980,804401,252253,73.66
Mississippi,28,2018,1108630,847606,226003,76.46
Mississippi,28,2019,1100229,847509,221196,77.03
Mississippi,28,2021,1129611,925714,165949,81.95
Mississippi,28,2022,1148340,969008,144858,84.38
Mississippi,28,2023,1166617,1010809,117750,86.64
Missouri,29,2013,2362853,1678456,92552,71.04
Missouri,29,2014,2354809,1706751,101380,72.48
Missouri,29,2015,2374180,1757244,100081,74.01
Missouri,29,2016,2372190,1892465,396474,79.78
Missouri,29,2017,2385135,1946500,359581,81.61
Missouri,29,2018,2434806,2026809,333351,83.24
Missouri,29,2019,2458337,2090744,304917,85.05
Missouri,29,2021,2468726,2188674,215449,88.66
Missouri,29,2022,2521832,2261029,188528,89.66
Missouri,29,2023,2556271,2324525,157666,90.93
Montana,30,2013,406288,299783,20049,73.79
Montana,30,2014,410962,304082,22566,73.99
Montana,30,2015,414804,315415,23575,76.04
Montana,30,2016,416125,331897,68144,79.76
Montana,30,2017,423091,346793,64140,81.97
Montana,30,2018,431421,362938,59563,84.13
Montana,30,2019,437651,374853,49734,85.65
Montana,30,2021,448949,400500,38147,89.21
Montana,30,2022,464072,414800,36468,89.38
Montana,30,2023,472867,431340,29906,91.22
Nebraska,31,2013,730579,541373,26314,74.1
Nebraska,31,2014,740765,561271,28808,75.77
Nebraska,31,2015,744159,585758,28221,78.71
Nebraska,31,2016,747562,614925,111804,82.26
Nebraska,31,2017,754490,640404,97146,84.88
Nebraska,31,2018,765490,659978,87932,86.22
Nebraska,31,2019,771444,673122,78183,87.25
Nebraska,31,2021,785982,707660,57875,90.04
Nebraska,31,2022,803157,725895,52513,90.38
Nebraska,31,2023,813864,750543,43320,92.22
Nevada,32,2013,1002571,766888,28156,76.49
Nevada,32,2014,1021519,786765,31094,77.02
Nevada,32,2015,1042065,828740,30678,79.53
Nevada,32,2016,1055158,857669,165451,81.28
Nevada,32,2017,1094613,915335,141949,83.62
Nevada,32,2018,1129810,972650,132839,86.09
Nevada,32,2019,1143557,980739,118755,85.76
Nevada,32,2021,1191380,1080358,80524,90.68
Nevada,32,2022,1198356,1097824,61968,91.61
Nevada,32,2023,1224685,1152301,43659,94.09
New Hampshire,33,2013,519246,424434,6878,81.74
New Hampshire,33,2014,519756,430078,8237,82.75
New Hampshire,33,2015,517615,439599,9096,84.93
New Hampshire,33,2016,520643,452566,54511,86.92
New Hampshire,33,2017,528700,469879,44810,88.87
New Hampshire,33,2018,531212,475508,43854,89.51
New Hampshire,33,2019,541396,484333,44283,89.46
New Hampshire,33,2021,548026,507049,29793,92.52
New Hampshire,33,2022,557220,524310,22209,94.09
New Hampshire,33,2023,569493,535961,23705,94.11
New Jersey,34,2013,3176139,2534866,21809,79.81
New Jersey,34,2014,3194844,2600646,31496,81.4
New Jersey,34,2015,3187963,2612731,30456,81.96
New Jersey,34,2016,3194519,2702697,396679,84.6
New Jersey,34,2017,3218798,2801112,340557,87.02
New Jersey,34,2018,3249567,2866081,325686,88.2
New Jersey,34,2019,3286264,2942667,288287,89.54
New Jersey,34,2021,3497945,3217143,215679,91.97
New Jersey,34,2022,3516978,3275033,176520,93.12
New Jersey,34,2023,3538457,3331415,155858,94.15
New Mexico,35,2013,753507,494646,24579,65.65
New Mexico,35,2014,760916,519029,31078,68.21
New Mexico,35,2015,761797,519133,32024,68.15
New Mexico,35,2016,758364,563565,171534,74.31
New Mexico,35,2017,767705,591302,153635,77.02
New Mexico,35,2018,794093,613975,152709,77.32
New Mexico,35,2019,793420,626330,140207,78.94
New Mexico,35,2021,834007,705745,92456,84.62
New Mexico,35,2022,848218,736298,87128,86.81
New Mexico,35,2023,856580,760571,70416,88.79
New York,36,2013,7219356,5490482,80729,76.05
New York,36,2014,7282398,5607687,84537,77.0
New York,36,2015,7233694,5659733,88444,78.24
New York,36,2016,7209054,5917689,1071104,82.09
New York,36,2017,7304332,6111799,986133,83.67
New York,36,2018,7367015,6297732,888661,85.49
New York,36,2019,7446812,6437819,826622,86.45
New York,36,2021,7652666,6934305,562876,90.61
New York,36,2022,7774308,7039243,538963,90.54
New York,36,2023,7809267,7195198,419920,92.14
North Carolina,37,2013,3757480,2699170,75777,71.83
North Carolina,37,2014,3790620,2769906,90143,73.07
North Carolina,37,2015,3843745,2867878,87141,74.61
North Carolina,37,2016,3882423,3082142,670180,79.39
North Carolina,37,2017,3955069,3241583,602844,81.96
North Carolina,37,2018,4011462,3358667,544299,83.73
North Carolina,37,2019,4046348,3457288,486958,85.44
North Carolina,37,2021,4179632,3721716,363492,89.04
North Carolina,37,2022,4299266,3884351,312114,90.35
North Carolina,37,2023,4392669,4027465,251263,91.69
North Dakota,38,2013,298298,219629,6949,73.63
North Dakota,38,2014,305431,230082,5959,75.33
North Dakota,38,2015,313475,240971,8281,76.87
North Dakota,38,2016,315134,257547,44459,81.73
North Dakota,38,2017,316306,257967,40236,81.56
North Dakota,38,2018,319355,257018,42019,80.48
North Dakota,38,2019,323519,273109,37239,84.42
North Dakota,38,2021,322511,284336,25596,88.16
North Dakota,38,2022,331481,296800,20295,89.54
North Dakota,38,2023,338059,301325,20133,89.13
Ohio,39,2013,4564745,3304808,95636,72.4
Ohio,39,2014,4593172,3434590,111177,74.78
Ohio,39,2015,4606655,3529050,117192,76.61
Ohio,39,2016,4624669,3765278,742338,81.42
Ohio,39,2017,4667192,3899812,648940,83.56
Ohio,39,2018,4685447,3974716,586602,84.83
Ohio,39,2019,4730340,4048969,567220,85.6
Ohio,39,2021,4832922,4307866,414508,89.14
Ohio,39,2022,4878206,4417491,342608,90.56
Ohio,39,2023,4917309,4489841,299024,91.31
Oklahoma,40,2013,1447277,980491,66768,67.75
Oklahoma,40,2014,1459759,1020384,71128,69.9
Oklahoma,40,2015,1465951,1043497,82733,71.18
Oklahoma,40,2016,1469342,1139307,280667,77.54
Oklahoma,40,2017,1470364,1176348,253941,80.0
Oklahoma,40,2018,1485310,1221297,224688,82.23
Oklahoma,40,2019,1495151,1252152,206295,83.75
Oklahoma,40,2021,1547967,1361692,150690,87.97
Oklahoma,40,2022,1573180,1396087,134564,88.74
Oklahoma,40,2023,1589105,1434558,104441,90.27
Oregon,41,2013,1523799,1200305,52911,78.77
Oregon,41,2014,1535511,1223315,55551,79.67
Oregon,41,2015,1553205,1266413,62220,81.54
Oregon,41,2016,1571678,1343419,183990,85.48
Oregon,41,2017,1603635,1396956,163668,87.11
Oregon,41,2018,1639970,1447984,141058,88.29
Oregon,41,2019,1649352,1473306,131129,89.33
Oregon,41,2021,1702599,1563014,96004,91.8
Oregon,41,2022,1726340,1597585,81278,92.54
Oregon,41,2023,1752050,1636615,72709,93.41
Pennsylvania,42,2013,4938894,3638813,72279,73.68
Pennsylvania,42,2014,4945972,3701070,73896,74.83
Pennsylvania,42,2015,4956037,3789173,78004,76.46
Pennsylvania,42,2016,4937771,4001649,812027,81.04
Pennsylvania,42,2017,5008751,4106866,774130,81.99
Pennsylvania,42,2018,5070931,4284331,666091,84.49
Pennsylvania,42,2019,5119249,4397526,612377,85.9
Pennsylvania,42,2021,5228956,4657501,456451,89.07
Pennsylvania,42,2022,5294065,4771626,405047,90.13
Pennsylvania,42,2023,5324209,4856127,355848,91.21
Rhode Island,44,2013,406366,312595,1699,76.92
Rhode Island,44,2014,409654,316499,2988,77.26
Rhode Island,44,2015,407484,321064,3748,78.79
Rhode Island,44,2016,408239,338925,61045,83.02
Rhode Island,44,2017,408748,350545,49408,85.76
Rhode Island,44,2018,406573,347697,50081,85.52
Rhode Island,44,2019,407174,357601,39398,87.83
Rhode Island,44,2021,440170,400208,31350,90.92
Rhode Island,44,2022,446688,408480,30641,91.45
Rhode Island,44,2023,443980,412542,22516,92.92
South Carolina,45,2013,1794989,1214785,38093,67.68
South Carolina,45,2014,1826914,1258857,45153,68.91
South Carolina,45,2015,1857768,1308515,46757,70.43
South Carolina,45,2016,1877887,1452924,363661,77.37
South Carolina,45,2017,1905100,1513868,322206,79.46
South Carolina,45,2018,1927991,1575835,290601,81.73
South Carolina,45,2019,1975915,1637121,270103,82.85
South Carolina,45,2021,2049972,1802642,197731,87.93
South Carolina,45,2022,2136080,1906413,178068,89.25
South Carolina,45,2023,2177733,1981364,131687,90.98
South Dakota,46,2013,331406,240705,9869,72.63
South Dakota,46,2014,334475,242401,10797,72.47
South Dakota,46,2015,339437,257699,12803,75.92
South Dakota,46,2016,334003,267722,54208,80.16
South Dakota,46,2017,344260,278592,54092,80.92
South Dakota,46,2018,345449,284376,50755,82.32
South Dakota,46,2019,353799,301600,43197,85.25
South Dakota,46,2021,356887,314982,32142,88.26
South Dakota,46,2022,368300,331809,27849,90.09
South Dakota,46,2023,378559,347797,20753,91.87
Tennessee,47,2013,2490249,1695702,68653,68.09
Tennessee,47,2014,2509665,1732485,71217,69.03
Tennessee,47,2015,2530260,1788903,78619,70.7
Tennessee,47,2016,2556332,1970419,500183,77.08
Tennessee,47,2017,2588655,2060303,458383,79.59
Tennessee,47,2018,2603140,2142152,395020,82.29
Tennessee,47,2019,2654737,2207011,380480,83.13
Tennessee,47,2021,2770395,2441855,263369,88.14
Tennessee,47,2022,2846684,2554409,226212,89.73
Tennessee,47,2023,2889226,2632602,186475,91.12
Texas,48,2013,9110853,6631450,314815,72.79
Texas,48,2014,9277197,6829438,354832,73.62
Texas,48,2015,9421412,7041311,361266,74.74
Texas,48,2016,9535612,7707876,1553636,80.83
Texas,48,2017,9623874,8034771,1343190,83.49
Texas,48,2018,9776083,8276364,1231590,84.66
Texas,48,2019,9985126,8625976,1113062,86.39
Texas,48,2021,10796247,9741899,810083,90.23
Texas,48,2022,11087708,10150617,685739,91.55
Texas,48,2023,11260645,10424014,549564,92.57
Utah,49,2013,899475,725194,44740,80.62
Utah,49,2014,918370,758129,44196,82.55
Utah,49,2015,930980,779825,49203,83.76
Utah,49,2016,943147,808884,86457,85.76
Utah,49,2017,975448,859162,73252,88.08
Utah,49,2018,998891,901280,60468,90.23
Utah,49,2019,1023855,932331,55795,91.06
Utah,49,2021,1101499,1031080,40280,93.61
Utah,49,2022,1129660,1059206,33712,93.76
Utah,49,2023,1167591,1100169,30435,94.23
Vermont,50,2013,253234,195037,6799,77.02
Vermont,50,2014,257229,198660,6749,77.23
Vermont,50,2015,254865,202770,6540,79.56
Vermont,50,2016,254851,209394,34919,82.16
Vermont,50,2017,256629,210329,33400,81.96
Vermont,50,2018,261373,217176,29942,83.09
Vermont,50,2019,262767,220944,27161,84.08
Vermont,50,2021,270163,242265,18899,89.67
Vermont,50,2022,277090,252926,15468,91.28
Vermont,50,2023,279612,258191,12857,92.34
Virginia,51,2013,3055863,2352262,75512,76.98
Virginia,51,2014,3083820,2404990,88736,77.99
Virginia,51,2015,3106895,2459458,94957,79.16
Virginia,51,2016,3120692,2617707,426066,83.88
Virginia,51,2017,3120880,2657479,376676,85.15
Virginia,51,2018,3175524,2727092,360402,85.88
Virginia,51,2019,3191847,2773184,348898,86.88
Virginia,51,2021,3331461,3024259,244402,90.78
Virginia,51,2022,3380607,3077320,223186,91.03
Virginia,51,2023,3402670,3138264,189710,92.23
Washington,53,2013,2644557,2115281,73086,79.99
Washington,53,2014,2679601,2213302,79175,82.6
Washington,53,2015,2728573,2303347,80187,84.42
Washington,53,2016,2768076,2431924,263818,87.86
Washington,53,2017,2840377,2540240,238772,89.43
Washington,53,2018,2895575,2612393,218837,90.22
Washington,53,2019,2932477,2679988,186418,91.39
Washington,53,2021,3022255,2829354,138141,93.62
Washington,53,2022,3079953,2884660,129408,93.66
Washington,53,2023,3101265,2923399,108075,94.26
West Virginia,54,2013,738653,488680,24557,66.16
West Virginia,54,2014,735375,492832,24691,67.02
West Virginia,54,2015,734536,516488,25645,70.31
West Virginia,54,2016,722125,538877,154399,74.62
West Virginia,54,2017,715308,545880,142616,76.31
West Virginia,54,2018,734703,582670,132877,79.31
West Virginia,54,2019,728175,592971,117254,81.43
West Virginia,54,2021,722201,615419,86605,85.21
West Virginia,54,2022,736341,638295,75806,86.68
West Virginia,54,2023,743644,647522,72960,87.07
Wisconsin,55,2013,2289424,1704330,67051,74.44
Wisconsin,55,2014,2307685,1762626,73792,76.38
Wisconsin,55,2015,2319538,1801019,75551,77.65
Wisconsin,55,2016,2326998,1909683,357154,82.07
Wisconsin,55,2017,2350293,1972831,317908,83.94
Wisconsin,55,2018,2371960,2015111,295118,84.96
Wisconsin,55,2019,2386623,2064066,265520,86.48
Wisconsin,55,2021,2449970,2203670,186246,89.95
Wisconsin,55,2022,2491121,2263743,165893,90.87
Wisconsin,55,2023,2495539,2291491,138057,91.82
Wyoming,56,2013,224003,171700,15909,76.65
Wyoming,56,2014,232594,178838,17199,76.89
Wyoming,56,2015,228937,180263,18056,78.74
Wyoming,56,2016,223619,187433,30115,83.82
Wyoming,56,2017,225796,189601,27462,83.97
Wyoming,56,2018,230252,197871,24916,85.94
Wyoming,56,2019,233128,205377,21189,88.1
Wyoming,56,2021,242763,219430,17958,90.39
Wyoming,56,2022,243321,218664,16230,89.87
Wyoming,56,2023,247368,224631,13188,90.81
