time,mean_x_A,mean_x_B,pe_weighted_A,pe_weighted_B,r_A,r_B
0.000000,1.520550,1.520550,1.655922,1.515357,0.622216,0.622216
0.040000,1.603932,1.552742,1.756045,1.542386,0.461609,0.042857
0.080000,1.629827,1.553331,1.777564,1.542009,0.375046,0.040103
0.120000,1.632785,1.549357,1.778428,1.536622,0.299982,0.036792
0.160000,1.648026,1.553203,1.790291,1.540247,0.255037,0.032262
0.200000,1.660118,1.554626,1.801142,1.539892,0.219430,0.031280
0.240000,1.679561,1.557716,1.813419,1.541085,0.195050,0.025424
0.280000,1.669052,1.551072,1.805689,1.539791,0.183338,0.025767
0.320000,1.678325,1.551415,1.808453,1.538505,0.167509,0.023702
0.360000,1.699647,1.554847,1.825833,1.537632,0.161202,0.029302
0.400000,1.711981,1.560712,1.841552,1.546837,0.164737,0.029983
0.440000,1.719954,1.557537,1.845405,1.544080,0.151387,0.024052
0.480000,1.707792,1.556765,1.835680,1.542743,0.143874,0.022388
0.520000,1.700154,1.552016,1.829612,1.538637,0.159489,0.023785
0.560000,1.692398,1.552198,1.820168,1.536936,0.149154,0.023456
0.600000,1.701249,1.553598,1.829600,1.540558,0.148984,0.027222
0.640000,1.696445,1.555759,1.826466,1.545790,0.144632,0.024711
0.680000,1.694113,1.548562,1.819170,1.538453,0.139724,0.025672
0.720000,1.688433,1.546246,1.813689,1.534706,0.149844,0.029502
0.760000,1.705092,1.557468,1.830901,1.540959,0.145454,0.027487
0.800000,1.690454,1.550733,1.818667,1.536893,0.148206,0.032329
0.840000,1.704470,1.557868,1.829925,1.543394,0.153772,0.025181
0.880000,1.679604,1.553219,1.808716,1.536944,0.143749,0.026374
0.920000,1.696244,1.552083,1.823197,1.538666,0.141639,0.025148
0.960000,1.685945,1.556416,1.821136,1.541627,0.152333,0.024155
1.000000,1.717478,1.559937,1.837966,1.544209,0.161864,0.031792
1.040000,1.717291,1.554360,1.837438,1.541183,0.147626,0.024403
1.080000,1.712701,1.554271,1.837683,1.539851,0.155538,0.025002
1.120000,1.716332,1.555165,1.837976,1.539605,0.152457,0.024776
1.160000,1.711259,1.555249,1.841324,1.540034,0.163892,0.028978
1.200000,1.697297,1.554870,1.825570,1.541387,0.153583,0.029267
1.240000,1.702977,1.559475,1.828893,1.541755,0.137800,0.024463
1.280000,1.694325,1.555932,1.822039,1.538136,0.143822,0.024549
1.320000,1.708592,1.554400,1.833306,1.540030,0.149304,0.031197
1.360000,1.713612,1.558017,1.839216,1.540917,0.157524,0.032610
1.400000,1.700475,1.558004,1.828013,1.541503,0.169595,0.032389
1.440000,1.698656,1.557885,1.828578,1.543422,0.150548,0.026339
1.480000,1.701978,1.553562,1.831719,1.539786,0.158754,0.030464
1.520000,1.708638,1.559035,1.834202,1.545074,0.159503,0.027213
1.560000,1.713700,1.555051,1.838660,1.540647,0.155380,0.024652
1.600000,1.719375,1.555427,1.841761,1.540524,0.159603,0.027225
1.640000,1.713569,1.551945,1.834673,1.537443,0.158214,0.025964
1.680000,1.706070,1.552257,1.834069,1.535829,0.139926,0.023556
1.720000,1.704755,1.554817,1.826425,1.538990,0.146073,0.029904
1.760000,1.692918,1.553791,1.823004,1.538570,0.132009,0.023340
1.800000,1.689951,1.558818,1.822326,1.543681,0.147945,0.028788
1.840000,1.703780,1.555222,1.831276,1.536151,0.148697,0.024533
1.880000,1.691942,1.560347,1.817418,1.541666,0.156059,0.027603
1.920000,1.710589,1.554790,1.839257,1.538738,0.161268,0.028679
1.960000,1.690702,1.550678,1.819188,1.534250,0.148504,0.026767
2.000000,1.696264,1.556656,1.827859,1.541436,0.144617,0.028228
2.040000,1.702512,1.551020,1.832548,1.537538,0.152576,0.031970
2.080000,1.704687,1.559670,1.830328,1.544897,0.149617,0.029379
2.120000,1.709761,1.561623,1.832190,1.544402,0.154851,0.030675
2.160000,1.695771,1.550360,1.824583,1.537336,0.154216,0.027852
2.200000,1.697378,1.554331,1.825634,1.541413,0.154266,0.029918
2.240000,1.694653,1.556388,1.828128,1.542552,0.141083,0.026691
2.280000,1.697203,1.558390,1.826953,1.542007,0.150854,0.025338
2.320000,1.707327,1.557930,1.837228,1.540769,0.141993,0.021345
2.360000,1.705566,1.550389,1.827375,1.536933,0.152406,0.032308
2.400000,1.709051,1.553088,1.837369,1.539096,0.162776,0.031029
2.440000,1.692293,1.552400,1.821851,1.541066,0.150215,0.027427
2.480000,1.691045,1.550532,1.822708,1.539149,0.150417,0.026244
2.520000,1.685626,1.553590,1.819339,1.540721,0.144952,0.023891
2.560000,1.694048,1.551450,1.821992,1.536387,0.140014,0.025686
2.600000,1.696935,1.552203,1.823602,1.535247,0.145350,0.027719
2.640000,1.700369,1.553147,1.830139,1.539486,0.151523,0.026321
2.680000,1.717906,1.552070,1.839645,1.538770,0.163090,0.031179
2.720000,1.717567,1.550813,1.841639,1.537021,0.155766,0.026076
2.760000,1.704436,1.554627,1.828336,1.540262,0.141315,0.026851
2.800000,1.697628,1.558816,1.825096,1.542754,0.152672,0.030229
2.840000,1.710600,1.557148,1.837449,1.540439,0.161388,0.027816
2.880000,1.710171,1.557117,1.837957,1.541648,0.172438,0.030753
2.920000,1.708853,1.558648,1.842374,1.543073,0.167763,0.031820
2.960000,1.712661,1.558569,1.837895,1.540098,0.158129,0.029195
3.000000,1.695514,1.551955,1.824257,1.535500,0.157670,0.032483
3.040000,1.694664,1.554545,1.821558,1.539627,0.156214,0.025875
3.080000,1.703531,1.550815,1.830732,1.536832,0.156206,0.028276
3.120000,1.707135,1.551854,1.833463,1.539551,0.151347,0.028165
3.160000,1.710731,1.550575,1.837724,1.537775,0.151767,0.035121
3.200000,1.694649,1.551410,1.822108,1.539828,0.159396,0.027401
3.240000,1.705859,1.553561,1.833413,1.541041,0.152863,0.025569
3.280000,1.701918,1.553482,1.831398,1.540473,0.161616,0.025298
3.320000,1.693484,1.554687,1.822955,1.540994,0.161405,0.031092
3.360000,1.709600,1.559368,1.836925,1.543938,0.151252,0.028516
3.400000,1.703114,1.555433,1.828045,1.540734,0.165317,0.033309
3.440000,1.710781,1.554963,1.837523,1.542003,0.155500,0.029951
3.480000,1.696412,1.556482,1.826122,1.542615,0.149378,0.026251
3.520000,1.690068,1.553414,1.816985,1.537633,0.148489,0.030943
3.560000,1.697288,1.551604,1.827476,1.536011,0.154065,0.026668
3.600000,1.703009,1.554377,1.829108,1.540254,0.155684,0.029128
3.640000,1.693938,1.551679,1.823892,1.539082,0.153080,0.023498
3.680000,1.694049,1.550439,1.816358,1.537241,0.157086,0.030891
3.720000,1.702113,1.550855,1.828344,1.536598,0.142975,0.031934
3.760000,1.708941,1.558693,1.834030,1.542922,0.166912,0.028308
3.800000,1.714862,1.552175,1.842758,1.537459,0.153852,0.023432
3.840000,1.705004,1.553895,1.828486,1.540305,0.161378,0.026818
3.880000,1.704723,1.553161,1.832229,1.537348,0.162718,0.027149
3.920000,1.702250,1.555917,1.830203,1.540268,0.154394,0.023963
3.960000,1.709449,1.557596,1.832612,1.542169,0.147832,0.023711
4.000000,1.699810,1.557659,1.827086,1.540865,0.162490,0.025463
4.040000,1.681614,1.552452,1.816022,1.539720,0.148263,0.023054
4.080000,1.696993,1.554031,1.825842,1.539280,0.161419,0.022918
4.120000,1.704880,1.553264,1.833252,1.539824,0.163745,0.027029
4.160000,1.703177,1.552238,1.828951,1.540104,0.162602,0.030848
4.200000,1.700668,1.558490,1.828723,1.542684,0.161853,0.030072
4.240000,1.707502,1.559126,1.833169,1.544150,0.158904,0.029631
4.280000,1.706240,1.552407,1.831019,1.539053,0.150062,0.024292
4.320000,1.709278,1.557241,1.824907,1.541062,0.150881,0.027291
4.360000,1.706271,1.552090,1.828795,1.536225,0.160025,0.029330
4.400000,1.707090,1.552571,1.834811,1.539175,0.160789,0.022581
4.440000,1.698017,1.555081,1.825527,1.540684,0.161503,0.028445
4.480000,1.714497,1.558698,1.840245,1.543460,0.162838,0.026135
4.520000,1.707241,1.553383,1.827089,1.539098,0.170733,0.029603
4.560000,1.700787,1.552055,1.826204,1.537803,0.166772,0.033393
4.600000,1.696174,1.545546,1.823827,1.533376,0.157160,0.033317
4.640000,1.693258,1.546835,1.821556,1.536174,0.150973,0.023980
4.680000,1.695726,1.557100,1.827999,1.541106,0.147888,0.021244
4.720000,1.681614,1.556286,1.811591,1.542589,0.144075,0.023820
4.760000,1.696045,1.556974,1.824255,1.542313,0.151608,0.028415
4.800000,1.705439,1.547663,1.824973,1.536128,0.158935,0.027225
4.840000,1.719551,1.553514,1.843319,1.541080,0.164948,0.028026
4.880000,1.693484,1.548408,1.824574,1.537301,0.144713,0.029336
4.920000,1.704807,1.563025,1.830214,1.545937,0.149501,0.027722
4.960000,1.687952,1.550562,1.816849,1.536038,0.155645,0.028156
5.000000,1.701949,1.554311,1.831352,1.540513,0.168468,0.020343
5.040000,1.699882,1.554996,1.826298,1.541972,0.151592,0.026050
5.080000,1.708526,1.557130,1.833989,1.542266,0.164497,0.029413
5.120000,1.685145,1.552540,1.817365,1.540235,0.169951,0.031746
5.160000,1.697027,1.560228,1.825523,1.544056,0.153293,0.026427
5.200000,1.701410,1.556523,1.827793,1.542096,0.148320,0.026247
5.240000,1.705519,1.558112,1.830469,1.542985,0.154657,0.026447
5.280000,1.707639,1.555089,1.834286,1.538533,0.144960,0.027119
5.320000,1.713212,1.557003,1.839833,1.538546,0.152251,0.027507
5.360000,1.698936,1.558595,1.827528,1.539321,0.164712,0.028606
5.400000,1.719959,1.566580,1.843603,1.548933,0.155139,0.027124
5.440000,1.691725,1.557409,1.820654,1.541331,0.152593,0.033212
5.480000,1.707874,1.554040,1.837240,1.538349,0.145159,0.024696
5.520000,1.713400,1.552523,1.840119,1.538884,0.151842,0.024174
5.560000,1.710856,1.556894,1.837972,1.540874,0.146065,0.023475
5.600000,1.711422,1.561157,1.838678,1.544740,0.154979,0.024146
5.640000,1.713983,1.554753,1.836683,1.540487,0.148061,0.027699
5.680000,1.711996,1.561492,1.837942,1.545138,0.142052,0.025767
5.720000,1.707799,1.554511,1.835037,1.538500,0.150335,0.026786
5.760000,1.711182,1.561023,1.834998,1.544408,0.165771,0.025387
5.800000,1.715786,1.555093,1.837225,1.540805,0.151037,0.021698
5.840000,1.700440,1.553341,1.819092,1.538667,0.149321,0.024287
5.880000,1.704212,1.552649,1.834277,1.539399,0.148917,0.029017
5.920000,1.710926,1.552113,1.830798,1.538366,0.156182,0.027474
5.960000,1.693125,1.552540,1.820896,1.536397,0.145123,0.023450
6.000000,1.695542,1.557053,1.826820,1.542347,0.160334,0.028371
6.040000,1.684434,1.556798,1.816561,1.542661,0.145134,0.029983
6.080000,1.701435,1.557732,1.832674,1.540928,0.150024,0.028014
6.120000,1.697429,1.554778,1.824929,1.539671,0.152944,0.027062
6.160000,1.701831,1.558383,1.827245,1.541074,0.159438,0.030888
6.200000,1.696907,1.555180,1.827028,1.540372,0.138552,0.022132
6.240000,1.695800,1.554590,1.825275,1.540054,0.150905,0.027011
6.280000,1.694079,1.554663,1.822087,1.536530,0.146654,0.026418
6.320000,1.686408,1.555946,1.814560,1.537787,0.155706,0.029510
6.360000,1.697962,1.557491,1.829017,1.540131,0.157794,0.027350
6.400000,1.710150,1.559100,1.838950,1.539924,0.165927,0.030750
6.440000,1.701995,1.554865,1.825118,1.539011,0.164363,0.023657
6.480000,1.706977,1.552117,1.829138,1.538588,0.154239,0.024732
6.520000,1.722976,1.554590,1.842946,1.538193,0.154638,0.027104
6.560000,1.703325,1.556483,1.830145,1.540007,0.172442,0.034206
6.600000,1.698300,1.556138,1.825129,1.539676,0.159894,0.026063
6.640000,1.693182,1.558581,1.819564,1.540710,0.146964,0.026466
6.680000,1.699228,1.557828,1.826584,1.540959,0.145809,0.028660
6.720000,1.702646,1.557655,1.826035,1.540780,0.141543,0.027755
6.760000,1.688383,1.551052,1.819497,1.538465,0.154707,0.026953
6.800000,1.696775,1.555552,1.821817,1.542752,0.152757,0.024952
6.840000,1.700659,1.555984,1.827895,1.542193,0.146056,0.023655
6.880000,1.696279,1.554768,1.822984,1.538529,0.150051,0.024808
6.920000,1.713571,1.554794,1.830017,1.538771,0.152552,0.026785
6.960000,1.712925,1.549646,1.837187,1.535682,0.152940,0.032753
7.000000,1.717951,1.557688,1.835424,1.542600,0.152534,0.022987
7.040000,1.717308,1.554779,1.841228,1.540330,0.156965,0.027275
7.080000,1.696892,1.553627,1.825662,1.540347,0.157449,0.024957
7.120000,1.709548,1.557682,1.834223,1.541582,0.163315,0.029600
7.160000,1.708232,1.550808,1.830702,1.535451,0.155982,0.033337
7.200000,1.711763,1.560565,1.834718,1.544169,0.147765,0.029464
7.240000,1.682986,1.554103,1.809632,1.536880,0.149602,0.026072
7.280000,1.689335,1.558072,1.822394,1.542172,0.142790,0.022428
7.320000,1.687310,1.553250,1.818661,1.541036,0.163896,0.032689
7.360000,1.719543,1.556727,1.836125,1.541047,0.157212,0.032251
7.400000,1.710731,1.556485,1.833675,1.540002,0.151010,0.022874
7.440000,1.698303,1.551735,1.825863,1.536479,0.154027,0.026615
7.480000,1.712418,1.558101,1.839037,1.540554,0.144966,0.031208
7.520000,1.695736,1.556356,1.823856,1.539216,0.146765,0.034131
7.560000,1.699780,1.558602,1.828303,1.540367,0.149041,0.026204
7.600000,1.687431,1.555384,1.818028,1.539116,0.158439,0.029466
7.640000,1.693380,1.560347,1.823652,1.542364,0.157328,0.025676
7.680000,1.706578,1.560586,1.833817,1.542520,0.159015,0.031086
7.720000,1.716009,1.552893,1.840760,1.540173,0.157760,0.028587
7.760000,1.700958,1.554185,1.827488,1.543636,0.154713,0.025017
7.800000,1.687581,1.555028,1.816709,1.541395,0.146251,0.025912
7.840000,1.677587,1.547520,1.810335,1.534622,0.155981,0.031351
7.880000,1.679775,1.554193,1.813061,1.538306,0.143981,0.030267
7.920000,1.679819,1.552412,1.808857,1.538456,0.136561,0.026181
7.960000,1.693877,1.553910,1.822698,1.539815,0.150034,0.027615
8.000000,1.710023,1.556248,1.830399,1.543244,0.153777,0.025318
8.040000,1.718142,1.557213,1.840104,1.543763,0.156865,0.028001
8.080000,1.722087,1.560487,1.842898,1.544716,0.149487,0.032274
8.120000,1.695080,1.559291,1.824295,1.540466,0.153503,0.030816
8.160000,1.703229,1.556370,1.825819,1.539257,0.153194,0.033133
8.200000,1.690104,1.556601,1.822561,1.539679,0.152046,0.024046
8.240000,1.705005,1.552389,1.830216,1.540183,0.148351,0.026001
8.280000,1.698690,1.553380,1.827844,1.541155,0.165771,0.029052
8.320000,1.701847,1.557514,1.829431,1.541898,0.157452,0.032866
8.360000,1.707743,1.553929,1.835879,1.538318,0.157749,0.028283
8.400000,1.707250,1.557437,1.832836,1.541858,0.156299,0.027623
8.440000,1.709446,1.562687,1.835422,1.544011,0.161144,0.025319
8.480000,1.693476,1.554721,1.823320,1.538061,0.155716,0.028623
8.520000,1.696023,1.555640,1.824610,1.541357,0.159159,0.030240
8.560000,1.692750,1.557517,1.822137,1.542856,0.148242,0.024524
8.600000,1.697990,1.552981,1.825140,1.539448,0.138666,0.026515
8.640000,1.695899,1.553346,1.824671,1.542011,0.143743,0.026635
8.680000,1.701637,1.557986,1.831556,1.545250,0.156324,0.029912
8.720000,1.711424,1.561060,1.834284,1.546016,0.160164,0.030133
8.760000,1.714085,1.554893,1.839744,1.540973,0.160046,0.024364
8.800000,1.709656,1.556449,1.843595,1.541680,0.169248,0.026033
8.840000,1.714604,1.554263,1.840228,1.539051,0.152427,0.025341
8.880000,1.697063,1.555129,1.828827,1.540224,0.152645,0.029434
8.920000,1.699707,1.553019,1.826015,1.538842,0.142055,0.027274
8.960000,1.700644,1.554409,1.828335,1.542299,0.146780,0.029847
9.000000,1.706122,1.555292,1.828450,1.541497,0.157171,0.031002
9.040000,1.705243,1.553810,1.830340,1.539509,0.147131,0.030517
9.080000,1.710561,1.553276,1.833825,1.537036,0.156709,0.026772
9.120000,1.712422,1.556275,1.838618,1.544166,0.163675,0.029626
9.160000,1.712410,1.558824,1.834655,1.541251,0.149416,0.025911
9.200000,1.706213,1.552528,1.831403,1.538620,0.151632,0.026955
9.240000,1.711579,1.557073,1.841127,1.542600,0.155457,0.026363
9.280000,1.706066,1.551236,1.832288,1.536347,0.148502,0.026156
9.320000,1.702838,1.556258,1.823544,1.538990,0.169111,0.031478
9.360000,1.701238,1.563421,1.826278,1.546073,0.155652,0.030802
9.400000,1.703272,1.554705,1.829387,1.540938,0.148150,0.030385
9.440000,1.712547,1.558324,1.838694,1.543139,0.149869,0.032285
9.480000,1.719322,1.560967,1.836104,1.540798,0.152263,0.031094
9.520000,1.712915,1.557491,1.838544,1.540050,0.155748,0.023910
9.560000,1.704663,1.558379,1.829874,1.541978,0.159699,0.025099
9.600000,1.699285,1.558175,1.821781,1.543089,0.149300,0.028676
9.640000,1.699909,1.554167,1.828755,1.539232,0.152970,0.025968
9.680000,1.701306,1.556802,1.828669,1.544202,0.146775,0.026918
9.720000,1.707931,1.556828,1.829784,1.541885,0.145418,0.028468
9.760000,1.706552,1.558284,1.836082,1.543945,0.141896,0.024834
9.800000,1.701412,1.553940,1.828595,1.539752,0.144953,0.022448
9.840000,1.694183,1.550763,1.824736,1.536644,0.143294,0.025427
9.880000,1.691841,1.551028,1.817926,1.537953,0.138258,0.025533
9.920000,1.688089,1.551439,1.817135,1.536568,0.134175,0.027484
9.960000,1.699119,1.557964,1.827488,1.544077,0.148090,0.030111
10.000000,1.688109,1.548988,1.816830,1.537991,0.145784,0.028602
10.040000,1.681093,1.548724,1.815243,1.535209,0.152393,0.026985
10.080000,1.685038,1.558054,1.808149,1.540602,0.149550,0.031286
10.120000,1.685153,1.559631,1.818826,1.542267,0.146929,0.028431
10.160000,1.693495,1.553381,1.821649,1.539126,0.132966,0.024016
10.200000,1.703637,1.557115,1.827584,1.541936,0.156227,0.030924
10.240000,1.697179,1.554120,1.823457,1.538344,0.156700,0.025640
10.280000,1.695253,1.553462,1.827642,1.540264,0.150791,0.032981
10.320000,1.698590,1.554223,1.825932,1.541961,0.158145,0.030653
10.360000,1.696691,1.553553,1.824910,1.537197,0.141490,0.026129
10.400000,1.693118,1.557003,1.825066,1.545360,0.140387,0.025245
10.440000,1.696847,1.555286,1.829049,1.539819,0.151391,0.024328
10.480000,1.696503,1.554489,1.826840,1.540804,0.144627,0.029343
10.520000,1.697613,1.550882,1.828492,1.538293,0.152619,0.024541
10.560000,1.703464,1.553164,1.828007,1.542190,0.155066,0.029688
10.600000,1.711934,1.551925,1.833714,1.537453,0.162092,0.027438
10.640000,1.725778,1.560019,1.849003,1.544613,0.157026,0.024567
10.680000,1.704369,1.555490,1.827330,1.539381,0.160547,0.027115
10.720000,1.691536,1.556939,1.820307,1.542042,0.172795,0.031655
10.760000,1.695724,1.549416,1.822459,1.535605,0.172370,0.024850
10.800000,1.712778,1.556090,1.842107,1.542769,0.159998,0.023970
10.840000,1.704504,1.556917,1.831793,1.543175,0.161769,0.024069
10.880000,1.710525,1.561552,1.833198,1.544655,0.160315,0.027022
10.920000,1.699937,1.557219,1.830811,1.545146,0.162426,0.028921
10.960000,1.699751,1.551096,1.821695,1.537345,0.159609,0.024231
11.000000,1.726637,1.557777,1.850213,1.543108,0.168070,0.025133
11.040000,1.720278,1.555188,1.838622,1.537498,0.159684,0.025414
11.080000,1.701984,1.556759,1.827947,1.541456,0.162694,0.028382
11.120000,1.707284,1.552631,1.831649,1.538022,0.165042,0.028241
11.160000,1.699688,1.551836,1.824058,1.535913,0.158598,0.031287
11.200000,1.704137,1.561664,1.831118,1.543398,0.158650,0.029502
11.240000,1.687529,1.557900,1.814470,1.541098,0.165952,0.034859
11.280000,1.708237,1.562789,1.831444,1.545100,0.163476,0.030632
11.320000,1.705303,1.553429,1.830762,1.536512,0.154276,0.028083
11.360000,1.710654,1.556968,1.837029,1.542419,0.152855,0.028817
11.400000,1.701946,1.559481,1.832509,1.543926,0.149954,0.028109
11.440000,1.692186,1.554849,1.821307,1.540629,0.145497,0.030960
11.480000,1.691485,1.556258,1.821568,1.537759,0.132772,0.022293
11.520000,1.683890,1.555182,1.811974,1.538926,0.135445,0.025676
11.560000,1.688007,1.559785,1.813602,1.543042,0.141414,0.030146
11.600000,1.703574,1.557352,1.831319,1.539417,0.145504,0.028809
11.640000,1.703407,1.558304,1.830830,1.542288,0.156224,0.031389
11.680000,1.711593,1.558922,1.840682,1.540556,0.155313,0.028495
11.720000,1.703936,1.556148,1.832537,1.537741,0.150391,0.028472
11.760000,1.700456,1.554655,1.831324,1.538131,0.150546,0.027327
11.800000,1.693425,1.556989,1.825446,1.541846,0.147674,0.028134
11.840000,1.689229,1.552003,1.819233,1.538159,0.142641,0.028979
11.880000,1.691623,1.555546,1.824282,1.542513,0.159151,0.028336
11.920000,1.685558,1.554134,1.818536,1.540570,0.157439,0.027416
11.960000,1.687141,1.552458,1.817648,1.538858,0.147214,0.027469
12.000000,1.703690,1.562022,1.831324,1.546290,0.149978,0.028415
12.040000,1.702910,1.553640,1.828333,1.540487,0.168674,0.038591
12.080000,1.711540,1.554157,1.834668,1.539591,0.163940,0.028999
12.120000,1.714234,1.552240,1.836917,1.538533,0.157675,0.031897
12.160000,1.689053,1.548647,1.818462,1.535933,0.144547,0.027794
12.200000,1.702764,1.558950,1.828162,1.541923,0.153673,0.023701
12.240000,1.702471,1.554140,1.823720,1.537632,0.134108,0.022879
12.280000,1.698591,1.554592,1.818513,1.539534,0.145733,0.024567
12.320000,1.692753,1.548126,1.817204,1.532451,0.146848,0.030749
12.360000,1.685228,1.555857,1.816739,1.541601,0.141252,0.022501
12.400000,1.696695,1.556151,1.825146,1.540790,0.150027,0.029126
12.440000,1.714190,1.554103,1.841402,1.541019,0.151187,0.026809
12.480000,1.703149,1.556339,1.835012,1.542323,0.154241,0.026776
12.520000,1.687390,1.555684,1.812398,1.539735,0.155528,0.031250
12.560000,1.698215,1.554223,1.832612,1.540174,0.168269,0.028173
12.600000,1.704794,1.556305,1.830984,1.538646,0.159258,0.023650
12.640000,1.706640,1.552359,1.831799,1.539597,0.142299,0.022702
12.680000,1.706024,1.556513,1.825979,1.538694,0.148641,0.027520
12.720000,1.687366,1.552354,1.808898,1.539708,0.155271,0.027586
12.760000,1.692295,1.552894,1.818618,1.538694,0.136337,0.022290
12.800000,1.702452,1.556453,1.835167,1.542370,0.137302,0.022586
12.840000,1.709649,1.555180,1.832304,1.539746,0.152606,0.024113
12.880000,1.694013,1.552931,1.822406,1.542048,0.151882,0.027160
12.920000,1.694364,1.552107,1.820602,1.539415,0.143563,0.029305
12.960000,1.702904,1.556725,1.829628,1.542412,0.151570,0.040935
13.000000,1.695545,1.548885,1.824089,1.534856,0.154492,0.027989
13.040000,1.694704,1.550445,1.826872,1.536697,0.144886,0.031807
13.080000,1.689038,1.553912,1.819525,1.539673,0.147004,0.028825
13.120000,1.689356,1.551918,1.817189,1.538616,0.141579,0.024907
13.160000,1.697180,1.555281,1.825789,1.543381,0.147862,0.031268
13.200000,1.707696,1.557333,1.831411,1.543481,0.159602,0.024521
13.240000,1.708735,1.555313,1.833632,1.542960,0.152621,0.021158
13.280000,1.711637,1.561189,1.841683,1.546447,0.149271,0.026114
13.320000,1.708637,1.556196,1.833937,1.541433,0.152995,0.029616
13.360000,1.696568,1.553290,1.828469,1.539783,0.141217,0.030715
13.400000,1.690119,1.554646,1.816776,1.540787,0.154160,0.024380
13.440000,1.688402,1.550879,1.819388,1.539184,0.155621,0.026925
13.480000,1.704898,1.557740,1.833029,1.542892,0.156032,0.026085
13.520000,1.709795,1.558194,1.833144,1.543971,0.151223,0.024507
13.560000,1.709196,1.552872,1.836212,1.539384,0.156847,0.023316
13.600000,1.712084,1.547944,1.833639,1.534477,0.171308,0.037171
13.640000,1.724704,1.558747,1.851207,1.543398,0.162981,0.027764
13.680000,1.704108,1.553877,1.830520,1.538187,0.160616,0.027112
13.720000,1.692417,1.552306,1.815714,1.534889,0.146276,0.029317
13.760000,1.691257,1.555557,1.817178,1.538161,0.143643,0.031277
13.800000,1.708479,1.552665,1.833651,1.537883,0.155344,0.026164
13.840000,1.699478,1.553338,1.829356,1.538535,0.160088,0.027392
13.880000,1.692695,1.556643,1.826619,1.541436,0.155233,0.023147
13.920000,1.682054,1.552456,1.811964,1.539895,0.148870,0.027993
13.960000,1.690703,1.550952,1.817512,1.536249,0.147171,0.026802
14.000000,1.688786,1.552778,1.821611,1.539235,0.153063,0.032958
14.040000,1.705336,1.552378,1.831324,1.540891,0.135682,0.024040
14.080000,1.696885,1.548009,1.829895,1.539520,0.146340,0.033004
14.120000,1.709881,1.554490,1.831017,1.540087,0.153831,0.029913
14.160000,1.714908,1.556648,1.839907,1.540800,0.159842,0.031482
14.200000,1.712815,1.558592,1.838947,1.540618,0.175596,0.036588
14.240000,1.717697,1.563150,1.841982,1.543534,0.156725,0.033830
14.280000,1.711695,1.553694,1.836075,1.535213,0.158277,0.032408
14.320000,1.706348,1.556022,1.829502,1.538867,0.155953,0.025957
14.360000,1.703661,1.559938,1.833461,1.541928,0.165474,0.025490
14.400000,1.695645,1.558510,1.824003,1.540528,0.163900,0.022246
14.440000,1.695192,1.555648,1.826440,1.541316,0.166733,0.031754
14.480000,1.675207,1.547610,1.803791,1.533621,0.159083,0.028954
14.520000,1.694925,1.550110,1.821031,1.535205,0.152861,0.025174
14.560000,1.685518,1.557066,1.817848,1.543019,0.156972,0.025019
14.600000,1.696489,1.553986,1.823909,1.538560,0.140589,0.025452
14.640000,1.698460,1.553746,1.826768,1.538706,0.138528,0.023047
14.680000,1.708504,1.554239,1.835700,1.538817,0.143485,0.028533
14.720000,1.693516,1.554362,1.826240,1.540112,0.149426,0.026936
14.760000,1.701621,1.556879,1.831134,1.542813,0.148335,0.026314
14.800000,1.699674,1.555133,1.828158,1.539831,0.148191,0.025038
14.840000,1.703029,1.554242,1.831070,1.540601,0.159465,0.033827
14.880000,1.704139,1.553241,1.832825,1.538644,0.151758,0.027708
14.920000,1.714469,1.558985,1.837929,1.540895,0.165952,0.033327
14.960000,1.707078,1.558483,1.831666,1.541963,0.164769,0.026968
15.000000,1.715598,1.555831,1.834643,1.540570,0.154274,0.024753
15.040000,1.692337,1.552248,1.822814,1.540183,0.159849,0.031447
15.080000,1.689848,1.548491,1.821231,1.538356,0.161189,0.024731
15.120000,1.710757,1.557643,1.837047,1.543429,0.143844,0.027843
15.160000,1.710018,1.558668,1.833293,1.542306,0.145730,0.028403
15.200000,1.691656,1.553460,1.821472,1.541764,0.142720,0.026569
15.240000,1.682433,1.552938,1.814627,1.542654,0.150413,0.028707
15.280000,1.700246,1.553306,1.827762,1.538273,0.144644,0.027346
15.320000,1.705551,1.558162,1.825819,1.540766,0.155994,0.025824
15.360000,1.720365,1.552033,1.844261,1.538447,0.159019,0.030131
15.400000,1.710778,1.556407,1.836811,1.542403,0.148521,0.025324
15.440000,1.711636,1.554297,1.837157,1.538385,0.157398,0.024088
15.480000,1.726597,1.554911,1.848344,1.539711,0.163622,0.028583
15.520000,1.711720,1.558563,1.835566,1.541804,0.141734,0.026087
15.560000,1.688403,1.555647,1.820290,1.538976,0.151852,0.028636
15.600000,1.696088,1.559241,1.826905,1.543970,0.142374,0.023726
15.640000,1.697452,1.552863,1.829796,1.540322,0.148609,0.033168
15.680000,1.698014,1.559771,1.826878,1.544053,0.147914,0.024663
15.720000,1.705774,1.554896,1.831121,1.539758,0.145164,0.027705
15.760000,1.718446,1.562665,1.844951,1.545924,0.159559,0.032776
15.800000,1.711368,1.553301,1.838318,1.539664,0.155690,0.029218
15.840000,1.709384,1.558208,1.837086,1.542945,0.149399,0.027692
15.880000,1.702714,1.558205,1.835222,1.542857,0.154627,0.024593
15.920000,1.700343,1.556855,1.833129,1.540268,0.158729,0.025069
15.960000,1.686672,1.555226,1.817399,1.538029,0.148173,0.025244
16.000000,1.695452,1.550258,1.824188,1.538558,0.157164,0.027352
16.040000,1.694886,1.554791,1.824731,1.541987,0.151532,0.024321
16.080000,1.698688,1.556702,1.826136,1.545270,0.160004,0.031715
16.120000,1.693543,1.556509,1.818789,1.542369,0.148012,0.026298
16.160000,1.690139,1.558475,1.820404,1.544715,0.160703,0.029108
16.200000,1.700425,1.552835,1.831242,1.541893,0.156229,0.027985
16.240000,1.697252,1.551071,1.828012,1.541098,0.145578,0.030027
16.280000,1.703600,1.549070,1.830643,1.540013,0.153699,0.034295
16.320000,1.718581,1.554878,1.844575,1.540229,0.147418,0.024621
16.360000,1.713483,1.558787,1.840306,1.543312,0.152126,0.026122
16.400000,1.706389,1.557133,1.832320,1.539936,0.149762,0.031538
16.440000,1.701102,1.557235,1.829964,1.541150,0.155966,0.027032
16.480000,1.710303,1.555446,1.836113,1.540439,0.157022,0.026452
16.520000,1.713340,1.557354,1.835735,1.542585,0.163253,0.028469
16.560000,1.708382,1.560190,1.832418,1.544646,0.158523,0.029214
16.600000,1.698728,1.552613,1.823220,1.536094,0.156092,0.028064
16.640000,1.692249,1.556652,1.819911,1.538613,0.170429,0.030126
16.680000,1.713054,1.554988,1.836725,1.539429,0.159079,0.028030
16.720000,1.711783,1.559101,1.835695,1.541161,0.163865,0.028225
16.760000,1.716284,1.558520,1.841342,1.540617,0.161475,0.025622
16.800000,1.698742,1.555151,1.827688,1.541519,0.160825,0.031017
16.840000,1.713372,1.560283,1.839004,1.546123,0.153662,0.029058
16.880000,1.704913,1.551826,1.834434,1.539363,0.149519,0.026726
16.920000,1.718707,1.548881,1.840527,1.538932,0.162338,0.026319
16.960000,1.716223,1.548192,1.843788,1.535327,0.161281,0.029190
17.000000,1.692181,1.548403,1.822400,1.539079,0.159406,0.026109
17.040000,1.710493,1.557219,1.831554,1.543670,0.153090,0.026804
17.080000,1.719141,1.556757,1.839766,1.543809,0.157394,0.028024
17.120000,1.721249,1.558884,1.844255,1.545545,0.160563,0.029358
17.160000,1.703923,1.552566,1.826113,1.539272,0.154782,0.026169
17.200000,1.706742,1.555105,1.835416,1.540229,0.150096,0.025307
17.240000,1.707549,1.560006,1.835910,1.544917,0.146948,0.026277
17.280000,1.700006,1.554584,1.822770,1.539102,0.150022,0.028259
17.320000,1.689284,1.552996,1.819884,1.537532,0.154314,0.032636
17.360000,1.685661,1.547576,1.817324,1.535078,0.151834,0.033197
17.400000,1.700911,1.553479,1.826866,1.542336,0.147125,0.028415
17.440000,1.696883,1.552958,1.825646,1.538839,0.137933,0.023647
17.480000,1.712866,1.553259,1.838777,1.542010,0.154959,0.027625
17.520000,1.705259,1.555848,1.835446,1.538338,0.145867,0.023780
17.560000,1.706646,1.549497,1.830625,1.534103,0.148315,0.025566
17.600000,1.706485,1.558070,1.835525,1.542879,0.146850,0.027654
17.640000,1.706595,1.556343,1.835827,1.539115,0.144731,0.023775
17.680000,1.690071,1.552813,1.820260,1.538238,0.155698,0.023904
17.720000,1.713282,1.557650,1.835905,1.543115,0.155620,0.032340
17.760000,1.705002,1.552515,1.827661,1.539088,0.161254,0.025643
17.800000,1.725196,1.558559,1.847255,1.545190,0.156004,0.023605
17.840000,1.709875,1.559257,1.833030,1.543859,0.152815,0.027276
17.880000,1.713297,1.553680,1.835600,1.538321,0.152196,0.023552
17.920000,1.691914,1.556047,1.824976,1.542898,0.149052,0.021669
17.960000,1.689600,1.552207,1.821466,1.538012,0.146266,0.019272
18.000000,1.707436,1.558489,1.833416,1.544949,0.152676,0.024606
18.040000,1.719405,1.557296,1.843285,1.540370,0.151577,0.028071
18.080000,1.703019,1.558637,1.830950,1.543329,0.144687,0.026459
18.120000,1.705479,1.555065,1.828844,1.541104,0.134709,0.021658
18.160000,1.697602,1.555435,1.832772,1.540596,0.161256,0.031222
18.200000,1.702206,1.557253,1.829177,1.541210,0.149997,0.027742
18.240000,1.688308,1.553004,1.816458,1.541083,0.146525,0.028056
18.280000,1.692968,1.559587,1.820787,1.543721,0.141681,0.020295
18.320000,1.698378,1.552519,1.828919,1.538410,0.148175,0.022440
18.360000,1.684151,1.551983,1.817328,1.538633,0.149592,0.027130
18.400000,1.681535,1.552040,1.818597,1.540157,0.160856,0.033300
18.440000,1.706421,1.552912,1.833642,1.540685,0.167690,0.028911
18.480000,1.706032,1.557698,1.832099,1.542515,0.154983,0.025553
18.520000,1.699338,1.551525,1.823018,1.539345,0.153098,0.028780
18.560000,1.710385,1.550119,1.830459,1.537425,0.157013,0.027428
18.600000,1.695663,1.556968,1.827776,1.542472,0.139098,0.018525
18.640000,1.688853,1.545821,1.818199,1.533957,0.145269,0.028561
18.680000,1.673632,1.547394,1.806400,1.536163,0.143116,0.023903
18.720000,1.707230,1.557359,1.829755,1.542609,0.142221,0.023714
18.760000,1.691351,1.549136,1.817241,1.536150,0.152964,0.030258
18.800000,1.706707,1.552212,1.833800,1.539155,0.161050,0.028412
18.840000,1.702588,1.551363,1.823138,1.539095,0.159697,0.025816
18.880000,1.698256,1.553106,1.826915,1.539159,0.156392,0.021760
18.920000,1.698319,1.554845,1.823383,1.540946,0.152370,0.025412
18.960000,1.703857,1.555249,1.830778,1.539768,0.151915,0.024394
19.000000,1.705909,1.557536,1.838486,1.541709,0.146469,0.026692
19.040000,1.709812,1.555158,1.835268,1.539469,0.146164,0.023499
19.080000,1.703955,1.556208,1.829058,1.539580,0.157058,0.027161
19.120000,1.705668,1.557087,1.833182,1.540578,0.153879,0.026034
19.160000,1.711514,1.555168,1.838648,1.539081,0.160742,0.025747
19.200000,1.725327,1.564024,1.841037,1.543990,0.147884,0.024185
19.240000,1.715233,1.556134,1.840899,1.539121,0.162119,0.027506
19.280000,1.712224,1.554850,1.832560,1.538817,0.162192,0.031820
19.320000,1.704001,1.555346,1.829476,1.541562,0.150260,0.028759
19.360000,1.706007,1.552670,1.835586,1.540090,0.157908,0.023585
19.400000,1.723163,1.559873,1.845451,1.545786,0.153256,0.027069
19.440000,1.706195,1.553437,1.827295,1.538178,0.155847,0.024445
19.480000,1.700127,1.553813,1.825894,1.540377,0.144145,0.027640
19.520000,1.699457,1.554864,1.828998,1.540343,0.146700,0.029300
19.560000,1.698646,1.556047,1.826482,1.542820,0.149891,0.031321
19.600000,1.716092,1.558155,1.838213,1.542071,0.147148,0.027892
19.640000,1.701973,1.556812,1.820993,1.541048,0.133878,0.028374
19.680000,1.699431,1.554926,1.826341,1.541454,0.154666,0.028159
19.720000,1.696436,1.555915,1.820846,1.540010,0.157647,0.032582
19.760000,1.706837,1.554436,1.834614,1.539930,0.157633,0.031807
19.800000,1.709424,1.557985,1.830919,1.542546,0.166048,0.029845
19.840000,1.711200,1.556339,1.834526,1.540623,0.154073,0.027970
19.880000,1.709326,1.557266,1.834035,1.540341,0.147295,0.023922
19.920000,1.703072,1.556161,1.833725,1.542301,0.142154,0.026557
19.960000,1.698185,1.553602,1.825895,1.539201,0.146371,0.025932
20.000000,1.695217,1.552245,1.822779,1.540019,0.146183,0.029035
