test,K_A,K_B,coupling_param,K_eff,K_additive,K_multiplicative,K_harmonic,notes
FP_coupling,1,1,0.0,1.000000,2,1,1.0000,
FP_coupling,1,1,0.1,0.010565,2,1,1.0000,
FP_coupling,1,1,0.3,0.010563,2,1,1.0000,
FP_coupling,1,1,0.5,0.010565,2,1,1.0000,
FP_coupling,1,1,0.7,0.010565,2,1,1.0000,
FP_coupling,1,1,1.0,0.010564,2,1,1.0000,
FP_coupling,1,2,0.0,1.359656,3,2,1.3333,
FP_coupling,1,2,0.1,0.895391,3,2,1.3333,
FP_coupling,1,2,0.3,0.010564,3,2,1.3333,
FP_coupling,1,2,0.5,0.010563,3,2,1.3333,
FP_coupling,1,2,0.7,0.010563,3,2,1.3333,
FP_coupling,1,2,1.0,0.010565,3,2,1.3333,
FP_coupling,1,5,0.0,1.997860,6,5,1.6667,
FP_coupling,1,5,0.1,1.699983,6,5,1.6667,
FP_coupling,1,5,0.3,0.010563,6,5,1.6667,
FP_coupling,1,5,0.5,0.010564,6,5,1.6667,
FP_coupling,1,5,0.7,0.010565,6,5,1.6667,
FP_coupling,1,5,1.0,0.010564,6,5,1.6667,
FP_coupling,1,10,0.0,1.829336,11,10,1.8182,
FP_coupling,1,10,0.1,1.390059,11,10,1.8182,
FP_coupling,1,10,0.3,0.010563,11,10,1.8182,
FP_coupling,1,10,0.5,0.010565,11,10,1.8182,
FP_coupling,1,10,0.7,0.010563,11,10,1.8182,
FP_coupling,1,10,1.0,0.010565,11,10,1.8182,
FP_coupling,1,20,0.0,1.596317,21,20,1.9048,
FP_coupling,1,20,0.1,0.659463,21,20,1.9048,
FP_coupling,1,20,0.3,0.010565,21,20,1.9048,
FP_coupling,1,20,0.5,0.010562,21,20,1.9048,
FP_coupling,1,20,0.7,0.010564,21,20,1.9048,
FP_coupling,1,20,1.0,0.010564,21,20,1.9048,
FP_coupling,1,50,0.0,1.382845,51,50,1.9608,
FP_coupling,1,50,0.1,0.010565,51,50,1.9608,
FP_coupling,1,50,0.3,0.010563,51,50,1.9608,
FP_coupling,1,50,0.5,0.010563,51,50,1.9608,
FP_coupling,1,50,0.7,0.010565,51,50,1.9608,
FP_coupling,1,50,1.0,0.010564,51,50,1.9608,
FP_coupling,2,2,0.0,2.000000,4,4,2.0000,
FP_coupling,2,2,0.1,1.810955,4,4,2.0000,
FP_coupling,2,2,0.3,1.237988,4,4,2.0000,
FP_coupling,2,2,0.5,0.010564,4,4,2.0000,
FP_coupling,2,2,0.7,0.010563,4,4,2.0000,
FP_coupling,2,2,1.0,0.010564,4,4,2.0000,
FP_coupling,2,5,0.0,2.836062,7,10,2.8571,
FP_coupling,2,5,0.1,2.663590,7,10,2.8571,
FP_coupling,2,5,0.3,2.256667,7,10,2.8571,
FP_coupling,2,5,0.5,1.630621,7,10,2.8571,
FP_coupling,2,5,0.7,0.010563,7,10,2.8571,
FP_coupling,2,5,1.0,0.010564,7,10,2.8571,
FP_coupling,2,10,0.0,2.828166,12,20,3.3333,
FP_coupling,2,10,0.1,2.641263,12,20,3.3333,
FP_coupling,2,10,0.3,2.182470,12,20,3.3333,
FP_coupling,2,10,0.5,1.329993,12,20,3.3333,
FP_coupling,2,10,0.7,0.010565,12,20,3.3333,
FP_coupling,2,10,1.0,0.010562,12,20,3.3333,
FP_coupling,2,20,0.0,2.750694,22,40,3.6364,
FP_coupling,2,20,0.1,2.553476,22,40,3.6364,
FP_coupling,2,20,0.3,2.050090,22,40,3.6364,
FP_coupling,2,20,0.5,0.502139,22,40,3.6364,
FP_coupling,2,20,0.7,0.010563,22,40,3.6364,
FP_coupling,2,20,1.0,0.010563,22,40,3.6364,
FP_coupling,2,50,0.0,2.695355,52,100,3.8462,
FP_coupling,2,50,0.1,2.490829,52,100,3.8462,
FP_coupling,2,50,0.3,1.951370,52,100,3.8462,
FP_coupling,2,50,0.5,0.010565,52,100,3.8462,
FP_coupling,2,50,0.7,0.010564,52,100,3.8462,
FP_coupling,2,50,1.0,0.010564,52,100,3.8462,
FP_coupling,5,5,0.0,5.000000,10,25,5.0000,
FP_coupling,5,5,0.1,4.840858,10,25,5.0000,
FP_coupling,5,5,0.3,4.512999,10,25,5.0000,
FP_coupling,5,5,0.5,4.177184,10,25,5.0000,
FP_coupling,5,5,0.7,3.837742,10,25,5.0000,
FP_coupling,5,5,1.0,3.324916,10,25,5.0000,
FP_coupling,5,10,0.0,5.712842,15,50,6.6667,
FP_coupling,5,10,0.1,5.545740,15,50,6.6667,
FP_coupling,5,10,0.3,5.196151,15,50,6.6667,
FP_coupling,5,10,0.5,4.830314,15,50,6.6667,
FP_coupling,5,10,0.7,4.451444,15,50,6.6667,
FP_coupling,5,10,1.0,3.856564,15,50,6.6667,
FP_coupling,5,20,0.0,5.675708,25,100,8.0000,
FP_coupling,5,20,0.1,5.509164,25,100,8.0000,
FP_coupling,5,20,0.3,5.160166,25,100,8.0000,
FP_coupling,5,20,0.5,4.794001,25,100,8.0000,
FP_coupling,5,20,0.7,4.413560,25,100,8.0000,
FP_coupling,5,20,1.0,3.812767,25,100,8.0000,
FP_coupling,5,50,0.0,5.614027,55,250,9.0909,
FP_coupling,5,50,0.1,5.452540,55,250,9.0909,
FP_coupling,5,50,0.3,5.112186,55,250,9.0909,
FP_coupling,5,50,0.5,4.752591,55,250,9.0909,
FP_coupling,5,50,0.7,4.376661,55,250,9.0909,
FP_coupling,5,50,1.0,3.778707,55,250,9.0909,
FP_coupling,10,10,0.0,9.999999,20,100,10.0000,
FP_coupling,10,10,0.1,9.927321,20,100,10.0000,
FP_coupling,10,10,0.3,9.746479,20,100,10.0000,
FP_coupling,10,10,0.5,9.510474,20,100,10.0000,
FP_coupling,10,10,0.7,9.212928,20,100,10.0000,
FP_coupling,10,10,1.0,8.653101,20,100,10.0000,
FP_coupling,10,20,0.0,11.498877,30,200,13.3333,
FP_coupling,10,20,0.1,11.424099,30,200,13.3333,
FP_coupling,10,20,0.3,11.236629,30,200,13.3333,
FP_coupling,10,20,0.5,10.987230,30,200,13.3333,
FP_coupling,10,20,0.7,10.663611,30,200,13.3333,
FP_coupling,10,20,1.0,10.027303,30,200,13.3333,
FP_coupling,10,50,0.0,11.113925,60,500,16.6667,
FP_coupling,10,50,0.1,11.045669,60,500,16.6667,
FP_coupling,10,50,0.3,10.875849,60,500,16.6667,
FP_coupling,10,50,0.5,10.651312,60,500,16.6667,
FP_coupling,10,50,0.7,10.360494,60,500,16.6667,
FP_coupling,10,50,1.0,9.786332,60,500,16.6667,
FP_coupling,20,20,0.0,19.999999,40,400,20.0000,
FP_coupling,20,20,0.1,19.997036,40,400,20.0000,
FP_coupling,20,20,0.3,19.991063,40,400,20.0000,
FP_coupling,20,20,0.5,19.985001,40,400,20.0000,
FP_coupling,20,20,0.7,19.978808,40,400,20.0000,
FP_coupling,20,20,1.0,19.969130,40,400,20.0000,
FP_coupling,20,50,0.0,23.325829,70,1000,28.5714,
FP_coupling,20,50,0.1,23.320546,70,1000,28.5714,
FP_coupling,20,50,0.3,23.309938,70,1000,28.5714,
FP_coupling,20,50,0.5,23.299253,70,1000,28.5714,
FP_coupling,20,50,0.7,23.288458,70,1000,28.5714,
FP_coupling,20,50,1.0,23.271943,70,1000,28.5714,
FP_coupling,50,50,0.0,49.999999,100,2500,50.0000,
FP_coupling,50,50,0.1,49.998789,100,2500,50.0000,
FP_coupling,50,50,0.3,49.996370,100,2500,50.0000,
FP_coupling,50,50,0.5,49.993950,100,2500,50.0000,
FP_coupling,50,50,0.7,49.991530,100,2500,50.0000,
FP_coupling,50,50,1.0,49.987900,100,2500,50.0000,
info_theory,2,2,MI=0.0000,4.000000,4,4,2.0000,
info_theory,2,2,MI=0.0470,3.816216,4,4,2.0000,
info_theory,2,2,MI=0.0941,3.640876,4,4,2.0000,
info_theory,2,2,MI=0.1411,3.473593,4,4,2.0000,
info_theory,2,2,MI=0.1881,3.313995,4,4,2.0000,
info_theory,2,2,MI=0.2352,3.161730,4,4,2.0000,
info_theory,2,2,MI=0.2822,3.016461,4,4,2.0000,
info_theory,2,2,MI=0.3292,2.877867,4,4,2.0000,
info_theory,2,2,MI=0.3763,2.745641,4,4,2.0000,
info_theory,2,2,MI=0.4233,2.619490,4,4,2.0000,
info_theory,2,2,MI=0.4703,2.499135,4,4,2.0000,
info_theory,2,2,MI=0.5174,2.384309,4,4,2.0000,
info_theory,2,2,MI=0.5644,2.274760,4,4,2.0000,
info_theory,2,2,MI=0.6115,2.170244,4,4,2.0000,
info_theory,2,2,MI=0.6585,2.070530,4,4,2.0000,
info_theory,4,4,MI=0.0000,16.000000,8,16,4.0000,
info_theory,4,4,MI=0.0941,14.563505,8,16,4.0000,
info_theory,4,4,MI=0.1881,13.255980,8,16,4.0000,
info_theory,4,4,MI=0.2822,12.065846,8,16,4.0000,
info_theory,4,4,MI=0.3763,10.982563,8,16,4.0000,
info_theory,4,4,MI=0.4703,9.996538,8,16,4.0000,
info_theory,4,4,MI=0.5644,9.099040,8,16,4.0000,
info_theory,4,4,MI=0.6585,8.282119,8,16,4.0000,
info_theory,4,4,MI=0.7526,7.538543,8,16,4.0000,
info_theory,4,4,MI=0.8466,6.861726,8,16,4.0000,
info_theory,4,4,MI=0.9407,6.245673,8,16,4.0000,
info_theory,4,4,MI=1.0348,5.684931,8,16,4.0000,
info_theory,4,4,MI=1.1288,5.174533,8,16,4.0000,
info_theory,4,4,MI=1.2229,4.709958,8,16,4.0000,
info_theory,4,4,MI=1.3170,4.287094,8,16,4.0000,
info_theory,8,8,MI=0.0000,64.000000,16,64,8.0000,
info_theory,8,8,MI=0.1411,55.577482,16,64,8.0000,
info_theory,8,8,MI=0.2822,48.263383,16,64,8.0000,
info_theory,8,8,MI=0.4233,41.911833,16,64,8.0000,
info_theory,8,8,MI=0.5644,36.396159,16,64,8.0000,
info_theory,8,8,MI=0.7055,31.606357,16,64,8.0000,
info_theory,8,8,MI=0.8466,27.446902,16,64,8.0000,
info_theory,8,8,MI=0.9877,23.834839,16,64,8.0000,
info_theory,8,8,MI=1.1288,20.698131,16,64,8.0000,
info_theory,8,8,MI=1.2699,17.974219,16,64,8.0000,
info_theory,8,8,MI=1.4110,15.608778,16,64,8.0000,
info_theory,8,8,MI=1.5522,13.554634,16,64,8.0000,
info_theory,8,8,MI=1.6933,11.770819,16,64,8.0000,
info_theory,8,8,MI=1.8344,10.221758,16,64,8.0000,
info_theory,8,8,MI=1.9755,8.876556,16,64,8.0000,
info_theory,16,16,MI=0.0000,256.000000,32,256,16.0000,
info_theory,16,16,MI=0.1881,212.095680,32,256,16.0000,
info_theory,16,16,MI=0.3763,175.721006,32,256,16.0000,
info_theory,16,16,MI=0.5644,145.584634,32,256,16.0000,
info_theory,16,16,MI=0.7526,120.616688,32,256,16.0000,
info_theory,16,16,MI=0.9407,99.930775,32,256,16.0000,
info_theory,16,16,MI=1.1288,82.792523,32,256,16.0000,
info_theory,16,16,MI=1.3170,68.593502,32,256,16.0000,
info_theory,16,16,MI=1.5051,56.829630,32,256,16.0000,
info_theory,16,16,MI=1.6933,47.083278,32,256,16.0000,
info_theory,16,16,MI=1.8814,39.008437,32,256,16.0000,
info_theory,16,16,MI=2.0695,32.318441,32,256,16.0000,
info_theory,16,16,MI=2.2577,26.775788,32,256,16.0000,
info_theory,16,16,MI=2.4458,22.183707,32,256,16.0000,
info_theory,16,16,MI=2.6340,18.379174,32,256,16.0000,
info_theory,2,8,MI=0.0000,16.000000,10,16,3.2000,
info_theory,2,8,MI=0.0470,14.550262,10,16,3.2000,
info_theory,2,8,MI=0.0941,13.091551,10,16,3.2000,
info_theory,2,8,MI=0.1411,11.694890,10,16,3.2000,
info_theory,2,8,MI=0.1881,10.384322,10,16,3.2000,
info_theory,2,8,MI=0.2352,9.170288,10,16,3.2000,
info_theory,2,8,MI=0.2822,8.056359,10,16,3.2000,
info_theory,2,8,MI=0.3292,7.042059,10,16,3.2000,
info_theory,2,8,MI=0.3763,6.124365,10,16,3.2000,
info_theory,2,8,MI=0.4233,5.298616,10,16,3.2000,
info_theory,2,8,MI=0.4703,4.559093,10,16,3.2000,
info_theory,2,8,MI=0.5174,3.899372,10,16,3.2000,
info_theory,2,8,MI=0.5644,3.312471,10,16,3.2000,
info_theory,2,8,MI=0.6115,2.790663,10,16,3.2000,
info_theory,2,8,MI=0.6585,2.324017,10,16,3.2000,
info_theory,4,16,MI=0.0000,64.000000,20,64,6.4000,
info_theory,4,16,MI=0.0941,56.060922,20,64,6.4000,
info_theory,4,16,MI=0.1881,48.490941,20,64,6.4000,
info_theory,4,16,MI=0.2822,41.586306,20,64,6.4000,
info_theory,4,16,MI=0.3763,35.408303,20,64,6.4000,
info_theory,4,16,MI=0.4703,29.950959,20,64,6.4000,
info_theory,4,16,MI=0.5644,25.177546,20,64,6.4000,
info_theory,4,16,MI=0.6585,21.036320,20,64,6.4000,
info_theory,4,16,MI=0.7526,17.468875,20,64,6.4000,
info_theory,4,16,MI=0.8466,14.414974,20,64,6.4000,
info_theory,4,16,MI=0.9407,11.815405,20,64,6.4000,
info_theory,4,16,MI=1.0348,9.613595,20,64,6.4000,
info_theory,4,16,MI=1.1288,7.756254,20,64,6.4000,
info_theory,4,16,MI=1.2229,6.192904,20,64,6.4000,
info_theory,4,16,MI=1.3170,4.871984,20,64,6.4000,
info_theory,8,32,MI=0.0000,256.000000,40,256,12.8000,
info_theory,8,32,MI=0.1411,215.489283,40,256,12.8000,
info_theory,8,32,MI=0.2822,178.885325,40,256,12.8000,
info_theory,8,32,MI=0.4233,147.090694,40,256,12.8000,
info_theory,8,32,MI=0.5644,119.972064,40,256,12.8000,
info_theory,8,32,MI=0.7055,97.133348,40,256,12.8000,
info_theory,8,32,MI=0.8466,78.091761,40,256,12.8000,
info_theory,8,32,MI=0.9877,62.351390,40,256,12.8000,
info_theory,8,32,MI=1.1288,49.438485,40,256,12.8000,
info_theory,8,32,MI=1.2699,38.918406,40,256,12.8000,
info_theory,8,32,MI=1.4110,30.402628,40,256,12.8000,
info_theory,8,32,MI=1.5522,23.549999,40,256,12.8000,
info_theory,8,32,MI=1.6933,18.064373,40,256,12.8000,
info_theory,8,32,MI=1.8344,13.689040,40,256,12.8000,
info_theory,8,32,MI=1.9755,10.193125,40,256,12.8000,
population,1,16,J=0.0,527.923088,16,,,r=1.0000
population,1,16,J=0.5,527.923088,16,,,r=1.0000
population,1,16,J=1.0,527.923088,16,,,r=1.0000
population,1,16,J=2.0,527.923088,16,,,r=1.0000
population,1,16,J=5.0,527.923088,16,,,r=1.0000
population,2,16,J=0.0,0.010563,32,,,r=0.0000
population,2,16,J=0.5,527.923088,32,,,r=1.0000
population,2,16,J=1.0,0.010563,32,,,r=0.0246
population,2,16,J=2.0,22.175036,32,,,r=0.9992
population,2,16,J=5.0,527.923088,32,,,r=1.0000
population,5,16,J=0.0,0.010565,80,,,r=0.5988
population,5,16,J=0.5,20.543402,80,,,r=0.9991
population,5,16,J=1.0,0.010564,80,,,r=0.2003
population,5,16,J=2.0,0.010565,80,,,r=0.6020
population,5,16,J=5.0,0.010565,80,,,r=0.2204
population,10,16,J=0.0,0.010564,160,,,r=0.2059
population,10,16,J=0.5,0.010564,160,,,r=0.0777
population,10,16,J=1.0,0.010564,160,,,r=0.0308
population,10,16,J=2.0,0.010564,160,,,r=0.2016
population,10,16,J=5.0,0.010564,160,,,r=0.2034
population,20,16,J=0.0,0.010565,320,,,r=0.4038
population,20,16,J=0.5,0.010564,320,,,r=0.0429
population,20,16,J=1.0,0.010564,320,,,r=0.2017
population,20,16,J=2.0,0.010564,320,,,r=0.2044
population,20,16,J=5.0,0.010564,320,,,r=0.2102
population,50,16,J=0.0,0.010564,800,,,r=0.0631
population,50,16,J=0.5,0.010564,800,,,r=0.1254
population,50,16,J=1.0,0.010564,800,,,r=0.1338
population,50,16,J=2.0,0.010564,800,,,r=0.2046
population,50,16,J=5.0,0.010564,800,,,r=0.2048
population,100,16,J=0.0,0.010564,1600,,,r=0.0952
population,100,16,J=0.5,0.010564,1600,,,r=0.0996
population,100,16,J=1.0,0.010564,1600,,,r=0.0669
population,100,16,J=2.0,0.010564,1600,,,r=0.0637
population,100,16,J=5.0,0.010564,1600,,,r=0.0510
coarse_grain,100,,uniform,100.000000,,,,H=4.6052
coarse_grain,50,,uniform,50.000000,,,,H=3.9120
coarse_grain,25,,uniform,25.000000,,,,H=3.2189
coarse_grain,10,,uniform,10.000000,,,,H=2.3026
coarse_grain,5,,uniform,5.000000,,,,H=1.6094
coarse_grain,2,,uniform,2.000000,,,,H=0.6931
coarse_grain,100,,dirichlet_flat,83.153345,,,,H=4.4207
coarse_grain,50,,dirichlet_flat,45.523190,,,,H=3.8182
coarse_grain,25,,dirichlet_flat,23.715213,,,,H=3.1661
coarse_grain,10,,dirichlet_flat,9.949609,,,,H=2.2975
coarse_grain,5,,dirichlet_flat,4.991989,,,,H=1.6078
coarse_grain,2,,dirichlet_flat,1.999939,,,,H=0.6931
coarse_grain,100,,dirichlet_concentrated,22.278970,,,,H=3.1036
coarse_grain,50,,dirichlet_concentrated,19.563919,,,,H=2.9737
coarse_grain,25,,dirichlet_concentrated,14.089180,,,,H=2.6454
coarse_grain,10,,dirichlet_concentrated,7.240398,,,,H=1.9797
coarse_grain,5,,dirichlet_concentrated,4.303779,,,,H=1.4595
coarse_grain,2,,dirichlet_concentrated,1.977215,,,,H=0.6817
coarse_grain,100,,power_law,12.250207,,,,H=2.5055
coarse_grain,50,,power_law,6.573694,,,,H=1.8831
coarse_grain,25,,power_law,3.807491,,,,H=1.3370
coarse_grain,10,,power_law,2.147885,,,,H=0.7645
coarse_grain,5,,power_law,1.559620,,,,H=0.4444
coarse_grain,2,,power_law,1.159790,,,,H=0.1482
coarse_grain,100,,exponential,27.180566,,,,H=3.3025
coarse_grain,50,,exponential,13.607260,,,,H=2.6106
coarse_grain,25,,exponential,6.837563,,,,H=1.9224
coarse_grain,10,,exponential,2.829648,,,,H=1.0402
coarse_grain,5,,exponential,1.580829,,,,H=0.4579
coarse_grain,2,,exponential,1.040998,,,,H=0.0402
