month,year,month_num,weighted_O,weighted_R,weighted_alpha,weighted_ORA_sum,hostile_event_count,hostile_signal_raw,hostile_admission_count,hostile_allegation_count,hostile_procedural_count,hostile_signal_decay_3m,hostile_signal_decay_6m,hostile_signal_decay_12m,month_str
2018-01-01,2018,1,1.7944250871080138,2.034843205574913,1.7665505226480835,5.59581881533101,0.0,0.0,0.0,0.0,0.0,0.0,0.0,0.0,2018-01
2018-02-01,2018,2,1.8000620769754494,2.039123513156314,1.7664644158756857,5.6056500060074494,0.0,0.0,0.0,0.0,0.0,0.0,0.0,0.0,2018-02
2018-03-01,2018,3,1.8056990668428852,2.0434038207377148,1.766378309103288,5.615481196683888,0.0,0.0,0.0,0.0,0.0,0.0,0.0,0.0,2018-03
2018-04-01,2018,4,1.8113360567103207,2.0476841283191156,1.7662922023308902,5.625312387360326,0.0,0.0,0.0,0.0,0.0,0.0,0.0,0.0,2018-04
2018-05-01,2018,5,1.8169730465777563,2.051964435900517,1.7662060955584924,5.635143578036765,0.0,0.0,0.0,0.0,0.0,0.0,0.0,0.0,2018-05
2018-06-01,2018,6,1.822610036445192,2.0562447434819178,1.7661199887860948,5.644974768713205,2.0,9.75,1.0,1.0,0.0,9.75,9.75,9.75,2018-06
2018-07-01,2018,7,1.8282470263126276,2.0605250510633186,1.766033882013697,5.654805959389643,0.0,0.0,0.0,0.0,0.0,7.738580128344973,8.686262501868308,9.202774548646511,2018-07
2018-08-01,2018,8,1.8338840161800631,2.0648053586447195,1.765947775241299,5.664637150066081,0.0,0.0,0.0,0.0,0.0,6.142115118237507,7.738580128344972,8.686262501868308,2018-08
2018-09-01,2018,9,1.839521006047499,2.0690856662261203,1.7658616684689015,5.6744683407425205,0.0,0.0,0.0,0.0,0.0,4.875000000000001,6.894291116568837,8.198740048723717,2018-09
2018-10-01,2018,10,1.8451579959149345,2.0733659738075216,1.7657755616965036,5.68429953141896,0.0,0.0,0.0,0.0,0.0,3.869290064172487,6.1421151182375056,7.7385801283449736,2018-10
2018-11-01,2018,11,1.85079498578237,2.0776462813889225,1.7656894549241058,5.694130722095398,0.0,0.0,0.0,0.0,0.0,3.0710575591187546,5.472002485508192,7.304246999773824,2018-11
2018-12-01,2018,12,1.8564319756498058,2.0819265889703233,1.7656033481517082,5.703961912771836,0.0,0.0,0.0,0.0,0.0,2.4375000000000013,4.874999999999998,6.89429111656884,2018-12
2019-01-01,2019,1,1.8620689655172413,2.086206896551724,1.7655172413793103,5.713793103448276,0.0,0.0,0.0,0.0,0.0,1.9346450320862443,4.343131250934152,6.507344289078919,2019-01
2019-02-01,2019,2,1.9026728074319004,2.108132577546843,1.7764958274287515,5.7873012124074945,0.0,0.0,0.0,0.0,0.0,1.5355287795593777,3.8692900641724846,6.142115118237508,2019-02
2019-03-01,2019,3,1.9432766493465596,2.130058258541962,1.7874744134781924,5.860809321366713,0.0,0.0,0.0,0.0,0.0,1.2187500000000009,3.4471455582844177,5.797384685638267,2019-03
2019-04-01,2019,4,1.9838804912612187,2.1519839395370806,1.7984529995276335,5.934317430325933,1.0,5.3999999999999995,1.0,0.0,0.0,6.367322516043122,8.471057559118751,10.872002485508194,2019-04
2019-05-01,2019,5,2.0244843331758777,2.1739096205321995,1.8094315855770744,6.007825539285152,0.0,0.0,0.0,0.0,0.0,5.053747230093827,7.546854320711927,10.26180387348271,2019-05
2019-06-01,2019,6,2.065088175090537,2.1958353015273184,1.8204101716265155,6.081333648244371,0.0,0.0,0.0,0.0,0.0,4.011161834716158,6.723482840314136,9.685853077957834,2019-06
2019-07-01,2019,7,2.105692017005196,2.2177609825224374,1.8313887576759567,6.15484175720359,0.0,0.0,0.0,0.0,0.0,3.1836612580215613,5.989942243874431,9.142227916693317,2019-07
2019-08-01,2019,8,2.146295858919855,2.2396866635175563,1.8423673437253976,6.228349866162809,0.0,0.0,0.0,0.0,0.0,2.526873615046914,5.336431866802398,8.629114091248296,2019-08
2019-09-01,2019,9,2.1868997008345143,2.2616123445126752,1.8533459297748387,6.301857975122028,0.0,0.0,0.0,0.0,0.0,2.0055809173580794,4.754220309577514,8.1447991319289,2019-09
2019-10-01,2019,10,2.227503542749173,2.283538025507794,1.8643245158242796,6.3753660840812465,0.0,0.0,0.0,0.0,0.0,1.591830629010781,4.235528779559374,7.687666682579845,2019-10
2019-11-01,2019,11,2.2681073846638324,2.3054637065029127,1.8753031018737207,6.448874193040466,0.0,0.0,0.0,0.0,0.0,1.2634368075234574,3.7734271603559617,7.256191106146006,2019-11
2019-12-01,2019,12,2.3087112265784913,2.3273893874980316,1.8862816879231616,6.522382301999685,0.0,0.0,0.0,0.0,0.0,1.00279045867904,3.361741420157067,6.848932393000579,2019-12
2020-01-01,2020,1,2.3493150684931505,2.3493150684931505,1.8972602739726028,6.595890410958904,0.0,0.0,0.0,0.0,0.0,0.7959153145053907,2.9949711219372146,6.464531355046808,2020-01
2020-02-01,2020,2,2.3521726925668087,2.377855752676098,1.9017235571524815,6.631752002395388,0.0,0.0,0.0,0.0,0.0,0.6317184037617288,2.668215933401198,6.101705089554063,2020-02
2020-03-01,2020,3,2.355030316640467,2.4063964368590463,1.9061868403323603,6.667613593831874,0.0,0.0,0.0,0.0,0.0,0.5013952293395201,2.377110154788756,5.759242697589232,2020-03
2020-04-01,2020,4,2.357887940714125,2.434937121041994,1.910650123512239,6.703475185268358,0.0,0.0,0.0,0.0,0.0,0.39795765725269544,2.117764389779686,5.436001242754099,2020-04
2020-05-01,2020,5,2.3607455647877833,2.463477805224942,1.9151134066921176,6.739336776704843,0.0,0.0,0.0,0.0,0.0,0.31585920188086447,1.8867135801779802,5.130901936741357,2020-05
2020-06-01,2020,6,2.3636031888614415,2.4920184894078896,1.9195766898719964,6.775198368141328,0.0,0.0,0.0,0.0,0.0,0.2506976146697601,1.6808707100785327,4.842926538978919,2020-06
2020-07-01,2020,7,2.3664608129350997,2.5205591735908373,1.9240399730518751,6.811059959577813,0.0,0.0,0.0,0.0,0.0,0.19897882862634775,1.4974855609686066,4.571113958346659,2020-07
2020-08-01,2020,8,2.3693184370087583,2.5490998577737853,1.928503256231754,6.846921551014297,0.0,0.0,0.0,0.0,0.0,0.15792960094043226,1.3341079667005986,4.314557045624149,2020-08
2020-09-01,2020,9,2.3721760610824165,2.577640541956733,1.9329665394116327,6.882783142450782,0.0,0.0,0.0,0.0,0.0,0.12534880733488007,1.1885550773943778,4.072399565964451,2020-09
2020-10-01,2020,10,2.3750336851560747,2.606181226139681,1.9374298225915112,6.918644733887267,0.0,0.0,0.0,0.0,0.0,0.0994894143131739,1.058882194889843,3.8438333412899235,2020-10
2020-11-01,2020,11,2.377891309229733,2.6347219103226287,1.94189310577139,6.954506325323751,0.0,0.0,0.0,0.0,0.0,0.07896480047021615,0.9433567900889901,3.628095553073004,2020-11
2020-12-01,2020,12,2.380748933303391,2.663262594505577,1.9463563889512687,6.990367916760237,0.0,0.0,0.0,0.0,0.0,0.06267440366744005,0.8404353550392664,3.4244661965002905,2020-12
2021-01-01,2021,1,2.3836065573770493,2.6918032786885244,1.9508196721311475,7.026229508196721,0.0,0.0,0.0,0.0,0.0,0.049744707156586965,0.7487427804843033,3.232265677523405,2021-01
2021-02-01,2021,2,2.385766328389279,2.69341226472374,1.954653482522335,7.033832075635354,0.0,0.0,0.0,0.0,0.0,0.03948240023510809,0.6670539833502993,3.0508525447770323,2021-02
2021-03-01,2021,3,2.3879260994015095,2.6950212507589555,1.9584872929135224,7.041434643073987,0.0,0.0,0.0,0.0,0.0,0.03133720183372003,0.5942775386971889,2.879621348794617,2021-03
2021-04-01,2021,4,2.3900858704137393,2.6966302367941712,1.9623211033047099,7.04903721051262,0.0,0.0,0.0,0.0,0.0,0.024872353578293486,0.5294410974449215,2.7180006213770502,2021-04
2021-05-01,2021,5,2.392245641425969,2.6982392228293866,1.9661549136958973,7.056639777951253,0.0,0.0,0.0,0.0,0.0,0.019741200117554047,0.47167839504449505,2.5654509683706794,2021-05
2021-06-01,2021,6,2.3944054124381995,2.6998482088646023,1.9699887240870848,7.064242345389886,0.0,0.0,0.0,0.0,0.0,0.01566860091686002,0.4202176775196332,2.4214632694894602,2021-06
2021-07-01,2021,7,2.3965651834504293,2.7014571948998176,1.973822534478272,7.071844912828519,0.0,0.0,0.0,0.0,0.0,0.012436176789146746,0.37437139024215166,2.2855569791733306,2021-07
2021-08-01,2021,8,2.398724954462659,2.7030661809350334,1.9776563448694595,7.079447480267152,0.0,0.0,0.0,0.0,0.0,0.009870600058777025,0.33352699167514965,2.157278522812075,2021-08
2021-09-01,2021,9,2.4008847254748895,2.704675166970249,1.981490155260647,7.087050047705785,1.0,2.8,0.0,1.0,0.0,2.80783430045843,3.0971387693485943,4.836199782982226,2021-09
2021-10-01,2021,10,2.4030444964871194,2.7062841530054644,1.9853239656518344,7.094652615144418,0.0,0.0,0.0,0.0,0.0,2.2285795611500525,2.7592369595154107,4.564764746153704,2021-10
2021-11-01,2021,11,2.4052042674993492,2.70789313904068,1.989157776043022,7.102255182583051,0.0,0.0,0.0,0.0,0.0,1.768824769882211,2.458200670277727,4.308564187329453,2021-11
2021-12-01,2021,12,2.4073640385115795,2.7095021250758955,1.9929915864342094,7.109857750021684,0.0,0.0,0.0,0.0,0.0,1.4039171502292151,2.19000782608215,4.066743060960547,2021-12
2022-01-01,2022,1,2.4095238095238094,2.7111111111111112,1.9968253968253968,7.117460317460317,0.0,0.0,0.0,0.0,0.0,1.1142897805750265,1.9510751649738984,3.8384943115171826,2022-01
2022-02-01,2022,2,2.4087301587301586,2.7261687917425625,2.013210165669182,7.148109116141903,0.0,0.0,0.0,0.0,0.0,0.8844123849411056,1.7382103634706971,3.623056180015871,2022-02
2022-03-01,2022,3,2.407936507936508,2.7412264723740134,2.0295949345129674,7.178757914823488,0.0,0.0,0.0,0.0,0.0,0.7019585751146077,1.5485693846742974,3.4197096617196423,2022-03
2022-04-01,2022,4,2.407142857142857,2.7562841530054647,2.0459797033567524,7.209406713505073,0.0,0.0,0.0,0.0,0.0,0.5571448902875134,1.3796184797577056,3.227776106526574,2022-04
2022-05-01,2022,5,2.4063492063492062,2.7713418336369156,2.062364472200538,7.240055512186659,0.0,0.0,0.0,0.0,0.0,0.44220619247055293,1.2291003351388634,3.046614954038163,2022-05
2022-06-01,2022,6,2.4055555555555554,2.786399514268367,2.078749241044323,7.270704310868245,0.0,0.0,0.0,0.0,0.0,0.35097928755730395,1.095003913041075,2.8756215957485405,2022-06
2022-07-01,2022,7,2.4047619047619047,2.801457194899818,2.095134009888108,7.30135310954983,0.0,0.0,0.0,0.0,0.0,0.2785724451437568,0.9755375824869492,2.7142253572197883,2022-07
2022-08-01,2022,8,2.403968253968254,2.816514875531269,2.1115187787318934,7.332001908231415,0.0,0.0,0.0,0.0,0.0,0.22110309623527655,0.8691051817353486,2.5618875935090517,2022-08
2022-09-01,2022,9,2.403174603174603,2.8315725561627203,2.1279035475756785,7.362650706913001,0.0,0.0,0.0,0.0,0.0,0.17548964377865203,0.7742846923371487,2.418099891491114,2022-09
2022-10-01,2022,10,2.4023809523809523,2.846630236794171,2.144288316419464,7.393299505594587,1.0,1.7999999999999998,0.0,0.0,1.0,1.9392862225718783,2.4898092398788525,4.082382373076853,2022-10
2022-11-01,2022,11,2.4015873015873015,2.8616879174256225,2.160673085263249,7.4239483042761725,0.0,0.0,0.0,0.0,0.0,1.5392124948890178,2.2181678602220423,3.8532558564917756,2022-11
2022-12-01,2022,12,2.4007936507936507,2.8767455980570733,2.1770578541070345,7.454597102957758,0.0,0.0,0.0,0.0,0.0,1.221673766794712,1.9761629032919168,3.636989223132885,2022-12
2023-01-01,2023,1,2.4,2.8918032786885246,2.1934426229508195,7.485245901639344,0.0,0.0,0.0,0.0,0.0,0.9696431112859394,1.76056099737926,3.4328607032152783,2023-01
2023-02-01,2023,2,2.4007829977628634,2.9008196721311474,2.1929823596288553,7.494585029522866,0.0,0.0,0.0,0.0,0.0,0.7696062474445091,1.56848153577306,3.240189036779316,2023-02
2023-03-01,2023,3,2.401565995525727,2.9098360655737707,2.1925220963068908,7.503924157406388,0.0,0.0,0.0,0.0,0.0,0.6108368833973561,1.3973581896470098,3.0583312000488356,2023-03
2023-04-01,2023,4,2.4023489932885904,2.9188524590163936,2.1920618329849266,7.51326328528991,0.0,0.0,0.0,0.0,0.0,0.48482155564296975,1.244904619939426,2.8866802593990735,2023-04
2023-05-01,2023,5,2.403131991051454,2.9278688524590164,2.1916015696629625,7.522602413173432,0.0,0.0,0.0,0.0,0.0,0.3848031237222546,1.109083930111021,2.724663345772113,2023-05
2023-06-01,2023,6,2.4039149888143174,2.9368852459016392,2.1911413063409984,7.531941541056955,0.0,0.0,0.0,0.0,0.0,0.3054184416986781,0.9880814516459582,2.571739742779657,2023-06
2023-07-01,2023,7,2.4046979865771814,2.945901639344262,2.190681043019034,7.541280668940477,0.0,0.0,0.0,0.0,0.0,0.24241077782148493,0.8802804986896298,2.427399082112344,2023-07
2023-08-01,2023,8,2.405480984340045,2.9549180327868854,2.1902207796970696,7.550619796824,0.0,0.0,0.0,0.0,0.0,0.19240156186112733,0.7842407678865297,2.291159640232962,2023-08
2023-09-01,2023,9,2.4062639821029084,2.963934426229508,2.1897605163751055,7.559958924707522,0.0,0.0,0.0,0.0,0.0,0.15270922084933908,0.6986790948235047,2.1625667306689236,2023-09
2023-10-01,2023,10,2.407046979865772,2.972950819672131,2.1893002530531414,7.569298052591044,1.0,3.0,0.0,1.0,0.0,3.1212053889107425,3.622452309969713,5.041191186538427,2023-10
2023-11-01,2023,11,2.4078299776286354,2.9819672131147543,2.1888399897311768,7.5786371804745665,1.0,1.9500000000000002,0.0,0.0,1.0,4.427302358882863,5.177238119476528,6.708250866290969,2023-11
2023-12-01,2023,12,2.408612975391499,2.990983606557377,2.1883797264092126,7.587976308358089,0.0,0.0,0.0,0.0,0.0,3.513952210935974,4.6123948041489395,6.331745675716764,2023-12
2024-01-01,2024,1,2.4093959731543624,3.0,2.1879194630872485,7.597315436241611,0.0,0.0,0.0,0.0,0.0,2.7890257181028733,4.109176618573452,5.976372097742446,2024-01
2024-02-01,2024,2,2.4344827845946413,3.0,2.18769160659541,7.622174391190051,1.0,2.8,0.0,0.0,1.0,5.013651179441432,6.460860182099342,8.440944106086702,2024-02
2024-03-01,2024,3,2.45956959603492,3.0,2.1874637501035714,7.647033346138492,0.0,0.0,0.0,0.0,0.0,3.9793375782234666,5.7559720543162625,7.967190316517178,2024-03
2024-04-01,2024,4,2.4846564074751996,3.0,2.1872358936117324,7.671892301086932,0.0,0.0,0.0,0.0,0.0,3.158402328904259,5.127988124841973,7.520026284006896,2024-04
2024-05-01,2024,5,2.5097432189154785,3.0,2.187008037119894,7.696751256035372,0.0,0.0,0.0,0.0,0.0,2.5068255897207163,4.568518047060596,7.0979596401652785,2024-05
2024-06-01,2024,6,2.5348300303557574,3.0,2.1867801806280553,7.721610210983813,0.0,0.0,0.0,0.0,0.0,1.9896687891117337,4.070086871927291,6.699581776803403,2024-06
2024-07-01,2024,7,2.5599168417960367,3.0,2.186552324136217,7.746469165932254,0.0,0.0,0.0,0.0,0.0,1.57920116445213,3.626035176919847,6.323563144835111,2024-07
2024-08-01,2024,8,2.5850036532363156,3.0,2.1863244676443783,7.771328120880694,0.0,0.0,0.0,0.0,0.0,1.2534127948603584,3.23043009104967,5.9686488170305285,2024-08
2024-09-01,2024,9,2.6100904646765946,3.0,2.1860966111525397,7.796187075829135,0.0,0.0,0.0,0.0,0.0,0.994834394555867,2.877986027158131,5.633654299813093,2024-09
2024-10-01,2024,10,2.6351772761168735,3.0,2.185868754660701,7.821046030777575,1.0,1.9500000000000002,0.0,0.0,1.0,2.7396005822260654,4.513994062420986,7.267461580122351,2024-10
2024-11-01,2024,11,2.6602640875571524,3.0,2.185640898168862,7.8459049857260155,0.0,0.0,0.0,0.0,0.0,2.174422423099174,4.021511523903959,6.8595703038785985,2024-11
2024-12-01,2024,12,2.6853508989974317,3.0,2.1854130416770237,7.870763940674456,0.0,0.0,0.0,0.0,0.0,1.7258402209254353,3.582759461632639,6.474572205865168,2024-12
2025-01-01,2025,1,2.7104377104377106,3.0,2.185185185185185,7.895622895622896,1.0,1.2,0.0,0.0,1.0,2.569800291113033,4.39187581177369,7.311182390718982,2025-01
2025-02-01,2025,2,2.7104377104377106,3.0,2.185185185185185,7.895622895622896,0.0,0.0,0.0,0.0,0.0,2.0396518427305073,3.912716530940742,6.90083725393038,2025-02
2025-03-01,2025,3,2.7104377104377106,3.0,2.185185185185185,7.895622895622896,1.0,1.2,0.0,0.0,1.0,2.818872740399642,4.685834141861622,7.713523019981763,2025-03
2025-04-01,2025,4,2.7104377104377106,3.0,2.185185185185185,7.895622895622896,1.0,1.2,0.0,0.0,1.0,3.437340776737437,5.374603630402755,8.480596238839707,2025-04
2025-05-01,2025,5,2.7104377104377106,3.0,2.185185185185185,7.895622895622896,4.0,5.3999999999999995,0.0,0.0,4.0,8.128219182483097,10.188227484838228,13.404616946065783,2025-05
2025-06-01,2025,6,2.7104377104377106,3.0,2.185185185185185,7.895622895622896,1.0,1.2,0.0,0.0,1.0,7.651371840450883,10.276678806364549,13.852273606729222,2025-06
2025-07-01,2025,7,2.7104377104377106,3.0,2.185185185185185,7.895622895622896,0.0,0.0,0.0,0.0,0.0,6.072897854265796,9.155479975330168,13.074805229630307,2025-07
2025-08-01,2025,8,2.7104377104377106,3.0,2.185185185185185,7.895622895622896,0.0,0.0,0.0,0.0,0.0,4.820062221178473,8.156605373981192,12.340972799564318,2025-08
2025-09-01,2025,9,2.7104377104377106,3.0,2.185185185185185,7.895622895622896,2.0,2.4,0.0,0.0,2.0,6.225685920225443,9.666709272056446,14.048327219012245,2025-09
2025-10-01,2025,10,2.7104377104377106,3.0,2.185185185185185,7.895622895622896,1.0,1.2,0.0,0.0,1.0,6.141330189494738,9.812058899110419,14.45985519817271,2025-10
2025-11-01,2025,11,2.7104377104377106,3.0,2.185185185185185,7.895622895622896,7.0,30.900000000000002,3.0,1.0,3.0,35.774377001644005,39.64155069553498,44.54828588665208,2025-11
2025-12-01,2025,12,2.7104377104377106,3.0,2.185185185185185,7.895622895622896,0.0,0.0,0.0,0.0,0.0,28.39414184295833,35.31660669974739,42.04798272241132,2025-12
