year,mde_pct,mde_se,mde_severe_pct,mde_severe_se,series_group,series_break_2021,source_table,source_url,note,feature_exposure,raw_adoption,O_exposure,R_exposure,alpha_exposure,algo_hard_exposure,engagement_hard_exposure,algo_plus_engagement_exposure,feature_assumption,interval_start,interval_end,delta_mde_pct,delta_mde_severe_pct,delta_feature_exposure,delta_algo_hard_exposure,delta_engagement_hard_exposure,delta_algo_plus_engagement_exposure,interval_label,crosses_2021_break
2005,8.8,0.25,,,legacy_2004_2020,0,A.27B (2020 annual report),https://www.samhsa.gov/data/sites/default/files/reports/rpt35325/NSDUHFFRPDFWHTMLFiles2020/2020NSDUHFFR102121.htm,Percent from Table A.27B line values,,,,,,,,,,2004.0,2005,-0.1999999999999993,,,,,,2004-2005,0
2006,7.9,0.24,5.5,0.2,legacy_2004_2020,0,A.27B (2020 annual report),https://www.samhsa.gov/data/sites/default/files/reports/rpt35325/NSDUHFFRPDFWHTMLFiles2020/2020NSDUHFFR102121.htm,Percent from Table A.27B line values,,,,,,,,,,2005.0,2006,-0.9000000000000004,,,,,,2005-2006,0
2007,8.2,0.25,5.5,0.2,legacy_2004_2020,0,A.27B (2020 annual report),https://www.samhsa.gov/data/sites/default/files/reports/rpt35325/NSDUHFFRPDFWHTMLFiles2020/2020NSDUHFFR102121.htm,Percent from Table A.27B line values,,,,,,,,,,2006.0,2007,0.29999999999999893,0.0,,,,,2006-2007,0
2008,8.3,0.25,6.0,0.22,legacy_2004_2020,0,A.27B (2020 annual report),https://www.samhsa.gov/data/sites/default/files/reports/rpt35325/NSDUHFFRPDFWHTMLFiles2020/2020NSDUHFFR102121.htm,Percent from Table A.27B line values,,,,,,,,,,2007.0,2008,0.10000000000000142,0.5,,,,,2007-2008,0
2009,8.1,0.24,5.8,0.2,legacy_2004_2020,0,A.27B (2020 annual report),https://www.samhsa.gov/data/sites/default/files/reports/rpt35325/NSDUHFFRPDFWHTMLFiles2020/2020NSDUHFFR102121.htm,Percent from Table A.27B line values,,,,,,,,,,2008.0,2009,-0.20000000000000107,-0.20000000000000018,,,,,2008-2009,0
2010,8.0,0.24,5.7,0.2,legacy_2004_2020,0,A.27B (2020 annual report),https://www.samhsa.gov/data/sites/default/files/reports/rpt35325/NSDUHFFRPDFWHTMLFiles2020/2020NSDUHFFR102121.htm,Percent from Table A.27B line values,,,,,,,,,,2009.0,2010,-0.09999999999999964,-0.09999999999999964,,,,,2009-2010,0
2011,8.2,0.24,5.7,0.19,legacy_2004_2020,0,A.27B (2020 annual report),https://www.samhsa.gov/data/sites/default/files/reports/rpt35325/NSDUHFFRPDFWHTMLFiles2020/2020NSDUHFFR102121.htm,Percent from Table A.27B line values,14.2,1.8599999999999999,1.54,5.93,6.73,1.54,2.9299999999999997,4.47,2011-2023 linear interpolation; 2024 carry-forward from 2023,2010.0,2011,0.1999999999999993,0.0,,,,,2010-2011,0
2012,9.1,0.26,6.3,0.22,legacy_2004_2020,0,A.27B (2020 annual report),https://www.samhsa.gov/data/sites/default/files/reports/rpt35325/NSDUHFFRPDFWHTMLFiles2020/2020NSDUHFFR102121.htm,Percent from Table A.27B line values,17.22,2.0599999999999996,3.2399999999999998,6.619999999999999,7.359999999999999,3.24,3.4399999999999995,6.68,2011-2023 linear interpolation; 2024 carry-forward from 2023,2011.0,2012,0.9000000000000004,0.5999999999999996,3.0199999999999996,1.7000000000000002,0.5099999999999998,2.21,2011-2012,0
2013,10.7,0.3,7.7,0.26,legacy_2004_2020,0,A.27B (2020 annual report),https://www.samhsa.gov/data/sites/default/files/reports/rpt35325/NSDUHFFRPDFWHTMLFiles2020/2020NSDUHFFR102121.htm,Percent from Table A.27B line values,20.240000000000002,2.26,4.9399999999999995,7.31,7.989999999999998,4.94,3.9499999999999997,8.89,2011-2023 linear interpolation; 2024 carry-forward from 2023,2012.0,2013,1.5999999999999996,1.4000000000000004,3.020000000000003,1.7000000000000002,0.5100000000000002,2.210000000000001,2012-2013,0
2014,11.4,0.32,8.2,0.27,legacy_2004_2020,0,A.27B (2020 annual report),https://www.samhsa.gov/data/sites/default/files/reports/rpt35325/NSDUHFFRPDFWHTMLFiles2020/2020NSDUHFFR102121.htm,Percent from Table A.27B line values,24.895000000000003,2.7,6.915,8.28,9.7,6.915000000000001,6.119999999999999,13.035,2011-2023 linear interpolation; 2024 carry-forward from 2023,2013.0,2014,0.7000000000000011,0.4999999999999991,4.655000000000001,1.9750000000000005,2.1699999999999995,4.145,2013-2014,0
2015,12.5,0.33,8.8,0.28,legacy_2004_2020,0,A.27B (2020 annual report),https://www.samhsa.gov/data/sites/default/files/reports/rpt35325/NSDUHFFRPDFWHTMLFiles2020/2020NSDUHFFR102121.htm,Percent from Table A.27B line values,29.55,3.14,8.89,9.25,11.41,8.89,8.29,17.18,2011-2023 linear interpolation; 2024 carry-forward from 2023,2014.0,2015,1.0999999999999996,0.6000000000000014,4.654999999999998,1.9749999999999996,2.17,4.145,2014-2015,0
2016,12.8,0.32,9.0,0.27,legacy_2004_2020,0,A.27B (2020 annual report),https://www.samhsa.gov/data/sites/default/files/reports/rpt35325/NSDUHFFRPDFWHTMLFiles2020/2020NSDUHFFR102121.htm,Percent from Table A.27B line values,38.085,3.4850000000000003,12.805,11.719999999999999,13.559999999999999,12.805,11.254999999999999,24.06,2011-2023 linear interpolation; 2024 carry-forward from 2023,2015.0,2016,0.3000000000000007,0.1999999999999993,8.535,3.914999999999999,2.965,6.879999999999999,2015-2016,0
2017,13.3,0.35,9.4,0.31,legacy_2004_2020,0,A.27B (2020 annual report),https://www.samhsa.gov/data/sites/default/files/reports/rpt35325/NSDUHFFRPDFWHTMLFiles2020/2020NSDUHFFR102121.htm,Percent from Table A.27B line values,46.62,3.83,16.72,14.19,15.709999999999999,16.72,14.219999999999999,30.939999999999998,2011-2023 linear interpolation; 2024 carry-forward from 2023,2016.0,2017,0.5,0.40000000000000036,8.534999999999997,3.914999999999999,2.965,6.879999999999999,2016-2017,0
2018,14.4,0.36,10.0,0.29,legacy_2004_2020,0,A.27B (2020 annual report),https://www.samhsa.gov/data/sites/default/files/reports/rpt35325/NSDUHFFRPDFWHTMLFiles2020/2020NSDUHFFR102121.htm,Percent from Table A.27B line values,47.885000000000005,3.8850000000000002,17.35,14.629999999999999,15.904999999999998,17.35,14.989999999999998,32.34,2011-2023 linear interpolation; 2024 carry-forward from 2023,2017.0,2018,1.0999999999999996,0.5999999999999996,1.2650000000000077,0.6300000000000026,0.7699999999999996,1.4000000000000057,2017-2018,0
2019,15.7,0.37,11.1,0.32,legacy_2004_2020,0,A.27B (2020 annual report),https://www.samhsa.gov/data/sites/default/files/reports/rpt35325/NSDUHFFRPDFWHTMLFiles2020/2020NSDUHFFR102121.htm,Percent from Table A.27B line values,49.150000000000006,3.9400000000000004,17.98,15.07,16.099999999999998,17.98,15.76,33.74,2011-2023 linear interpolation; 2024 carry-forward from 2023,2018.0,2019,1.299999999999999,1.0999999999999996,1.2650000000000006,0.629999999999999,0.7700000000000014,1.3999999999999986,2018-2019,0
2020,17.0,0.82,12.0,0.66,legacy_2004_2020,0,A.27B (2020 annual report),https://www.samhsa.gov/data/sites/default/files/reports/rpt35325/NSDUHFFRPDFWHTMLFiles2020/2020NSDUHFFR102121.htm,SAMHSA cautions comparability vs prior years due 2020 methodology changes,54.19,4.115,21.36,16.405,16.424999999999997,21.36,17.044999999999998,38.405,2011-2023 linear interpolation; 2024 carry-forward from 2023,2019.0,2020,1.3000000000000007,0.9000000000000004,5.039999999999992,3.379999999999999,1.2849999999999984,4.664999999999999,2019-2020,0
2021,20.8,,15.2,,multimode_2021_2024,1,Figure 48 / Table A.36B (2024 annual report),https://www.samhsa.gov/data/sites/default/files/reports/rpt56287/2024-nsduh-annual-national/2024-nsduh-annual-national-html-071425-edited/2024-nsduh-annual-national.htm,Updated 2021 weights used in 2024 report series,59.23,4.29,24.740000000000002,17.740000000000002,16.75,24.740000000000002,18.33,43.07,2011-2023 linear interpolation; 2024 carry-forward from 2023,2020.0,2021,3.8000000000000007,3.1999999999999993,5.039999999999999,3.3800000000000026,1.2850000000000001,4.664999999999999,2020-2021,1
2022,19.5,,14.6,,multimode_2021_2024,1,Figure 48 / Table A.36B (2024 annual report),https://www.samhsa.gov/data/sites/default/files/reports/rpt56287/2024-nsduh-annual-national/2024-nsduh-annual-national-html-071425-edited/2024-nsduh-annual-national.htm,Updated 2021-2024 comparable series,59.364999999999995,4.345000000000001,24.700000000000003,17.830000000000002,16.835,24.7,18.424999999999997,43.125,2011-2023 linear interpolation; 2024 carry-forward from 2023,2021.0,2022,-1.3000000000000007,-0.5999999999999996,0.134999999999998,-0.0400000000000027,0.09499999999999886,0.054999999999999716,2021-2022,0
2023,18.1,,13.5,,multimode_2021_2024,1,Figure 48 / Table A.36B (2024 annual report),https://www.samhsa.gov/data/sites/default/files/reports/rpt56287/2024-nsduh-annual-national/2024-nsduh-annual-national-html-071425-edited/2024-nsduh-annual-national.htm,Updated 2021-2024 comparable series,59.5,4.4,24.66,17.92,16.92,24.659999999999997,18.52,43.17999999999999,2011-2023 linear interpolation; 2024 carry-forward from 2023,2022.0,2023,-1.3999999999999986,-1.0999999999999996,0.13500000000000512,-0.0400000000000027,0.09500000000000242,0.05499999999999261,2022-2023,0
2024,15.4,,11.3,,multimode_2021_2024,1,Figure 48 / Table A.36B (2024 annual report),https://www.samhsa.gov/data/sites/default/files/reports/rpt56287/2024-nsduh-annual-national/2024-nsduh-annual-national-html-071425-edited/2024-nsduh-annual-national.htm,Updated 2021-2024 comparable series,59.5,4.4,24.66,17.92,16.92,24.659999999999997,18.52,43.17999999999999,2011-2023 linear interpolation; 2024 carry-forward from 2023,2023.0,2024,-2.700000000000001,-2.1999999999999993,0.0,0.0,0.0,0.0,2023-2024,0
