Z,symbol,element,group,period,Z_eff,EA_eV,sigma,Pe,pe_zone,pauling_EN,discovery_year,discovery_tradition,hund_flag
1,H,Hydrogen,1,1,1.0,0.754,0.001,754.0,D3,2.2,1766,british_enlightenment,
2,He,Helium,18,1,1.688,0.0,0.312,0.0,COHERENT (constraint pole),,1868,british_victorian,
3,Li,Lithium,1,2,1.279,0.618,1.721,0.4593,COHERENT,0.98,1817,swedish_chemistry,
4,Be,Beryllium,2,2,1.912,0.0,2.088,0.0,COHERENT (constraint pole),1.57,1828,french_belle_epoque,
5,B,Boron,13,2,2.421,0.28,2.579,0.2628,COHERENT,2.04,1808,british_enlightenment,
6,C,Carbon,14,2,3.136,1.263,2.864,1.3829,D1,2.55,3000 BCE,antiquity_egyptian,
7,N,Nitrogen,15,2,3.834,-0.07,3.166,0.0,COHERENT (constraint pole),3.04,1772,british_enlightenment,Y
8,O,Oxygen,16,2,4.453,1.461,3.547,1.8342,D1,3.44,1774,british_enlightenment,
9,F,Fluorine,17,2,5.2,3.401,3.8,4.654,D2,3.98,1886,french_republic,
10,Ne,Neon,18,2,5.758,0.0,4.242,0.0,COHERENT (constraint pole),,1898,british_victorian,
11,Na,Sodium,1,3,2.507,0.548,8.493,0.1618,COHERENT,0.93,1807,british_victorian,
12,Mg,Magnesium,2,3,3.308,0.0,8.692,0.0,COHERENT (constraint pole),1.31,1755,british_enlightenment,
13,Al,Aluminium,13,3,4.066,0.441,8.934,0.2007,COHERENT,1.61,1825,danish_romanticism,
14,Si,Silicon,14,3,4.285,1.385,9.715,0.6109,COHERENT,1.9,1824,swedish_chemistry,
15,P,Phosphorus,15,3,4.886,0.747,10.114,0.3609,COHERENT,2.19,1669,german_alchemy,
16,S,Sulfur,16,3,5.482,2.077,10.518,1.0825,D1,2.58,2000 BCE,antiquity_roman,
17,Cl,Chlorine,17,3,6.116,3.613,10.884,2.0302,D1,3.16,1774,swedish_chemistry,
18,Ar,Argon,18,3,6.764,0.0,11.236,0.0,COHERENT (constraint pole),,1894,british_victorian,
19,K,Potassium,1,4,3.495,0.502,15.505,0.1132,COHERENT,0.82,1807,british_victorian,
20,Ca,Calcium,2,4,4.398,0.025,15.602,0.007,COHERENT (constraint pole),1.0,1808,british_enlightenment,
21,Sc,Scandium,3,4,4.817,0.188,16.183,0.056,COHERENT,1.36,1879,swedish_chemistry,
22,Ti,Titanium,4,4,5.133,0.079,16.867,0.024,COHERENT,1.54,1791,british_enlightenment,
23,V,Vanadium,5,4,5.447,0.525,17.553,0.1629,COHERENT,1.63,1801,swedish_chemistry,
24,Cr,Chromium,6,4,5.76,0.666,18.24,0.2103,COHERENT,1.66,1797,french_belle_epoque,Y
25,Mn,Manganese,7,4,6.074,-0.5,18.926,0.0,COHERENT (constraint pole),1.55,1774,swedish_chemistry,Y
26,Fe,Iron,8,4,6.388,0.151,19.612,0.0492,COHERENT,1.83,3500 BCE,antiquity_egyptian,
27,Co,Cobalt,9,4,6.703,0.662,20.297,0.2186,COHERENT,1.88,1735,swedish_chemistry,
28,Ni,Nickel,10,4,7.017,1.156,20.983,0.3866,COHERENT,1.91,1751,swedish_chemistry,
29,Cu,Copper,11,4,7.331,1.235,21.669,0.4178,COHERENT,1.9,9000 BCE,antiquity_roman,
30,Zn,Zinc,12,4,7.645,0.0,22.355,0.0,COHERENT (constraint pole),1.65,1000 BCE,antiquity_roman,
31,Ga,Gallium,13,4,6.22,0.43,24.78,0.1079,COHERENT,1.81,1875,french_belle_epoque,
32,Ge,Germanium,14,4,6.78,1.233,25.22,0.3315,COHERENT,2.01,1886,german_romantic,
33,As,Arsenic,15,4,7.449,0.814,25.551,0.2373,COHERENT,2.18,1250,islamic_golden_age,
34,Se,Selenium,16,4,8.091,2.021,25.909,0.6311,COHERENT,2.55,1817,swedish_chemistry,
35,Br,Bromine,17,4,8.683,3.364,26.317,1.1099,D1,2.96,1826,french_belle_epoque,
36,Kr,Krypton,18,4,9.275,0.0,26.725,0.0,COHERENT (constraint pole),3.0,1898,british_victorian,
37,Rb,Rubidium,1,5,4.709,0.486,32.291,0.0709,COHERENT,0.82,1861,german_romantic,
38,Sr,Strontium,2,5,5.832,0.048,32.168,0.0087,COHERENT (constraint pole),0.95,1790,british_enlightenment,
39,Y,Yttrium,3,5,5.4,0.307,33.6,0.0493,COHERENT,1.22,1794,finnish_enlightenment,
40,Zr,Zirconium,4,5,5.75,0.426,34.25,0.0715,COHERENT,1.33,1789,german_romantic,
41,Nb,Niobium,5,5,6.1,0.894,34.9,0.1563,COHERENT,1.6,1801,british_enlightenment,Y
42,Mo,Molybdenum,6,5,6.45,0.748,35.55,0.1357,COHERENT,2.16,1781,swedish_chemistry,Y
43,Tc,Technetium,7,5,6.8,0.55,36.2,0.1033,COHERENT,1.9,1937,american_nuclear,Y
44,Ru,Ruthenium,8,5,7.15,1.046,36.85,0.203,COHERENT,2.2,1844,russian_imperial,
45,Rh,Rhodium,9,5,7.5,1.137,37.5,0.2274,COHERENT,2.28,1803,british_enlightenment,
46,Pd,Palladium,10,5,7.85,0.562,38.15,0.1156,COHERENT,2.2,1803,british_enlightenment,
47,Ag,Silver,11,5,8.2,1.302,38.8,0.2752,COHERENT,1.93,4000 BCE,antiquity_roman,
48,Cd,Cadmium,12,5,8.55,0.0,39.45,0.0,COHERENT (constraint pole),1.69,1817,german_romantic,
49,In,Indium,13,5,7.22,0.404,41.78,0.0698,COHERENT,1.78,1863,german_romantic,
50,Sn,Tin,14,5,7.64,1.112,42.36,0.2006,COHERENT,1.96,3000 BCE,antiquity_roman,
51,Sb,Antimony,15,5,8.267,1.047,42.733,0.2025,COHERENT,2.05,3000 BCE,antiquity_roman,
52,Te,Tellurium,16,5,8.8,1.971,43.2,0.4015,COHERENT,2.1,1782,german_alchemy,
53,I,Iodine,17,5,9.54,3.059,43.46,0.6715,COHERENT,2.66,1811,french_belle_epoque,
54,Xe,Xenon,18,5,10.25,0.0,43.75,0.0,COHERENT (constraint pole),2.6,1898,british_victorian,
55,Cs,Caesium,1,6,5.22,0.472,49.78,0.0495,COHERENT,0.79,1860,german_romantic,
56,Ba,Barium,2,6,6.33,0.145,49.67,0.0185,COHERENT,0.89,1808,british_enlightenment,
58,Ce,Cerium,lanthanide,6,5.66,0.652,52.34,0.0705,COHERENT,1.12,1803,swedish_chemistry,
60,Nd,Neodymium,lanthanide,6,6.05,1.916,53.95,0.2149,COHERENT,1.14,1885,german_romantic,
62,Sm,Samarium,lanthanide,6,6.44,0.162,55.56,0.0188,COHERENT,1.17,1879,french_belle_epoque,
63,Eu,Europium,lanthanide,6,6.58,0.116,56.42,0.0135,COHERENT,,1901,french_belle_epoque,Y
64,Gd,Gadolinium,lanthanide,6,6.68,0.5,57.32,0.0583,COHERENT,1.2,1880,french_belle_epoque,Y
72,Hf,Hafnium,4,6,7.25,0.0,64.75,0.0,COHERENT (constraint pole),1.3,1923,danish_romanticism,
73,Ta,Tantalum,5,6,7.6,0.322,65.4,0.0374,COHERENT,1.5,1802,swedish_chemistry,
74,W,Tungsten,6,6,7.95,0.816,66.05,0.0982,COHERENT,2.36,1783,spanish_enlightenment,
75,Re,Rhenium,7,6,8.3,0.15,66.7,0.0187,COHERENT,1.9,1925,german_romantic,Y
76,Os,Osmium,8,6,8.65,1.1,67.35,0.1413,COHERENT,2.2,1803,british_enlightenment,
77,Ir,Iridium,9,6,9.0,1.565,68.0,0.2071,COHERENT,2.2,1803,british_enlightenment,
78,Pt,Platinum,10,6,9.35,2.128,68.65,0.2898,COHERENT,2.28,1735,spanish_enlightenment,
79,Au,Gold,11,6,9.7,2.309,69.3,0.3232,COHERENT,2.54,5000 BCE,antiquity_egyptian,
80,Hg,Mercury,12,6,10.05,0.0,69.95,0.0,COHERENT (constraint pole),2.0,1500 BCE,antiquity_roman,
81,Tl,Thallium,13,6,9.51,0.2,71.49,0.0266,COHERENT,1.62,1861,british_victorian,
82,Pb,Lead,14,6,10.12,0.364,71.88,0.0512,COHERENT,2.33,4000 BCE,antiquity_roman,
83,Bi,Bismuth,15,6,10.82,0.946,72.18,0.1418,COHERENT,2.02,1753,french_belle_epoque,
84,Po,Polonium,16,6,11.52,1.9,72.48,0.302,COHERENT,2.0,1898,french_republic,
85,At,Astatine,17,6,12.22,2.8,72.78,0.4701,COHERENT,2.2,1940,american_nuclear,
86,Rn,Radon,18,6,12.92,0.0,73.08,0.0,COHERENT (constraint pole),2.2,1900,german_romantic,
