state,state_abbr,year,sex,pct_sadness,pct_sadness_lo,pct_sadness_hi,pct_suicide,pct_suicide_lo,pct_suicide_hi,n_sadness,n_suicide
Alaska,AK,2011,Female,32.84,28.45,37.56,16.85,13.3,21.11,662,672
Alaska,AK,2011,Male,19.43,16.57,22.65,12.22,9.59,15.44,631,647
Alaska,AK,2011,Total,25.94,23.18,28.91,14.54,12.12,17.34,1297,1324
Alaska,AK,2013,Female,35.67,31.35,40.24,21.67,18.12,25.71,614,626
Alaska,AK,2013,Male,19.03,15.62,22.97,10.89,7.89,14.84,577,586
Alaska,AK,2013,Total,27.19,24.35,30.22,16.22,13.91,18.83,1194,1215
Alaska,AK,2015,Female,42.73,37.42,48.21,23.29,19.56,27.5,698,696
Alaska,AK,2015,Male,25.05,21.62,28.83,17.01,14.08,20.4,706,703
Alaska,AK,2015,Total,33.64,30.08,37.4,20.14,17.24,23.41,1408,1403
Alaska,AK,2017,Female,47.96,43.1,52.85,28.81,24.92,33.03,630,643
Alaska,AK,2017,Male,25.52,21.7,29.76,17.42,14.01,21.45,649,673
Alaska,AK,2017,Total,36.14,32.89,39.52,22.8,20.27,25.55,1284,1321
Alaska,AK,2019,Female,48.4,42.4,54.4,33.6,29.1,38.5,,
Alaska,AK,2019,Male,28.4,24.1,33.1,17.5,14.7,20.6,,
Alaska,AK,2019,Total,38.1,34.2,42.1,25.3,22.5,28.3,,
Alaska,AK,2023,Female,56.0,50.6,61.3,26.9,23.1,31.1,,
Alaska,AK,2023,Male,31.8,27.2,36.7,18.6,15.2,22.5,,
Alaska,AK,2023,Total,43.2,39.7,46.8,22.6,20.1,25.4,,
Alabama,AL,2011,Female,32.6,28.21,37.31,18.9,15.39,22.98,700,701
Alabama,AL,2011,Male,19.17,14.94,24.26,12.28,10.17,14.75,651,650
Alabama,AL,2011,Total,25.75,21.99,29.92,15.69,13.24,18.48,1353,1353
Alabama,AL,2013,Female,36.63,31.67,41.89,22.23,18.68,26.23,779,777
Alabama,AL,2013,Male,18.15,14.64,22.3,13.98,11.67,16.67,760,764
Alabama,AL,2013,Total,27.42,23.98,31.14,18.15,15.68,20.91,1546,1549
Alabama,AL,2015,Female,38.14,33.77,42.71,23.06,18.61,28.19,737,739
Alabama,AL,2015,Male,20.5,17.59,23.75,11.79,9.45,14.61,792,786
Alabama,AL,2015,Total,29.34,26.21,32.68,17.52,14.54,20.95,1536,1529
Alabama,AL,2019,Female,48.6,44.2,53.1,26.8,23.0,30.9,,
Alabama,AL,2019,Male,26.2,23.7,28.9,14.4,12.1,17.0,,
Alabama,AL,2019,Total,37.5,34.8,40.3,20.7,18.4,23.2,,
Alabama,AL,2021,Female,46.0,38.3,53.9,32.0,26.6,37.9,,
Alabama,AL,2021,Male,27.4,17.3,40.5,10.5,5.5,19.0,,
Alabama,AL,2021,Total,36.9,29.7,44.8,21.6,16.6,27.6,,
Arkansas,AR,2011,Female,36.16,32.81,39.65,17.61,13.33,22.9,679,693
Arkansas,AR,2011,Male,20.94,17.64,24.67,11.23,8.73,14.31,656,666
Arkansas,AR,2011,Total,28.37,25.6,31.32,14.34,11.88,17.2,1340,1363
Arkansas,AR,2013,Female,34.88,31.27,38.68,23.3,20.32,26.56,767,789
Arkansas,AR,2013,Male,23.11,19.72,26.89,14.51,10.95,18.99,681,708
Arkansas,AR,2013,Total,28.99,26.37,31.76,18.99,16.87,21.32,1455,1506
Arkansas,AR,2015,Female,38.08,35.33,40.92,23.19,20.63,25.96,1480,1481
Arkansas,AR,2015,Male,23.42,18.44,29.25,14.39,10.73,19.04,1304,1296
Arkansas,AR,2015,Total,30.66,27.62,33.88,18.93,16.64,21.45,2799,2788
Arkansas,AR,2017,Female,47.45,41.06,53.92,27.14,24.53,29.91,816,827
Arkansas,AR,2017,Male,32.72,23.84,43.03,19.19,16.11,22.7,788,791
Arkansas,AR,2017,Total,40.17,32.67,48.15,23.18,20.98,25.54,1613,1628
Arkansas,AR,2019,Female,47.1,42.2,52.1,25.4,21.4,29.8,,
Arkansas,AR,2019,Male,24.6,21.5,28.0,13.5,11.0,16.6,,
Arkansas,AR,2019,Total,35.9,32.9,39.1,19.7,17.2,22.5,,
Arkansas,AR,2021,Female,53.9,49.1,58.6,29.2,25.5,33.1,,
Arkansas,AR,2021,Male,30.9,27.1,34.9,13.4,9.8,17.9,,
Arkansas,AR,2021,Total,42.9,39.3,46.5,21.8,18.9,24.9,,
Arkansas,AR,2023,Female,51.8,45.1,58.4,25.3,20.9,30.3,,
Arkansas,AR,2023,Male,38.6,29.5,48.5,23.5,17.9,30.2,,
Arkansas,AR,2023,Total,45.1,40.5,49.8,24.4,21.2,28.0,,
Arizona,AZ,2011,Female,38.94,35.35,42.65,22.04,19.44,24.87,1441,1444
Arizona,AZ,2011,Male,28.53,25.88,31.33,15.51,12.86,18.59,1418,1411
Arizona,AZ,2011,Total,33.61,31.12,36.19,18.68,16.57,20.99,2866,2862
Arizona,AZ,2013,Female,44.32,39.64,49.09,23.87,20.98,27.02,818,818
Arizona,AZ,2013,Male,28.41,25.75,31.23,14.42,12.02,17.2,783,783
Arizona,AZ,2013,Total,36.35,33.64,39.15,19.17,17.5,20.95,1606,1606
Arizona,AZ,2015,Female,43.95,39.96,48.03,23.48,20.15,27.17,1368,1387
Arizona,AZ,2015,Male,24.6,20.84,28.79,13.18,10.51,16.41,1131,1146
Arizona,AZ,2015,Total,34.19,30.74,37.82,18.56,16.28,21.07,2520,2555
Arizona,AZ,2017,Female,46.48,42.84,50.15,23.82,20.48,27.51,1045,1048
Arizona,AZ,2017,Male,26.33,22.11,31.03,14.01,11.4,17.1,1045,1037
Arizona,AZ,2017,Total,36.39,32.8,40.14,19.15,16.67,21.91,2106,2102
Arizona,AZ,2019,Female,51.6,48.0,55.1,26.5,22.2,31.3,,
Arizona,AZ,2019,Male,29.9,27.0,32.9,15.4,13.2,17.9,,
Arizona,AZ,2019,Total,40.6,37.4,44.0,20.9,18.2,23.8,,
Arizona,AZ,2021,Female,,,,32.4,28.2,37.0,,
Arizona,AZ,2021,Male,,,,14.2,12.3,16.5,,
Arizona,AZ,2021,Total,,,,23.5,20.5,26.7,,
California,CA,2015,Female,38.78,35.42,42.26,24.03,20.16,28.37,992,991
California,CA,2015,Male,20.94,19.1,22.89,11.87,8.41,16.49,923,922
California,CA,2015,Total,29.73,26.86,32.78,17.89,14.35,22.08,1928,1925
California,CA,2017,Female,42.58,38.12,47.16,22.06,18.82,25.68,843,862
California,CA,2017,Male,21.74,18.18,25.78,11.72,9.86,13.87,862,881
California,CA,2017,Total,32.12,29.26,35.12,17.02,15.28,18.93,1717,1756
California,CA,2019,Female,57.1,51.1,62.9,31.1,22.7,40.9,,
California,CA,2019,Male,33.7,25.3,43.3,22.1,11.3,38.5,,
California,CA,2019,Total,45.3,38.8,51.9,26.6,17.0,38.9,,
Colorado,CO,2011,Female,27.08,21.79,33.11,17.54,13.5,22.47,672,633
Colorado,CO,2011,Male,16.94,14.26,19.99,12.06,9.63,15.0,734,678
Colorado,CO,2011,Total,21.89,18.63,25.55,14.76,12.18,17.77,1449,1353
Colorado,CO,2017,Female,40.45,34.02,47.21,21.43,17.94,25.38,706,704
Colorado,CO,2017,Male,22.23,18.97,25.88,12.52,9.91,15.7,760,756
Colorado,CO,2017,Total,31.31,27.04,35.92,16.98,14.45,19.84,1478,1472
Colorado,CO,2019,Female,43.3,37.5,49.4,22.6,19.0,26.7,,
Colorado,CO,2019,Male,24.6,20.2,29.6,14.9,12.2,18.2,,
Colorado,CO,2019,Total,33.8,29.9,38.0,18.8,16.5,21.3,,
Colorado,CO,2021,Female,49.4,42.0,56.9,25.7,19.0,33.7,,
Colorado,CO,2021,Male,34.2,27.7,41.3,18.6,14.3,23.8,,
Colorado,CO,2021,Total,41.7,36.6,47.0,22.3,18.0,27.4,,
Connecticut,CT,2011,Female,31.0,26.84,35.5,17.32,14.65,20.36,1025,1023
Connecticut,CT,2011,Male,18.03,15.21,21.24,11.94,9.4,15.05,990,996
Connecticut,CT,2011,Total,24.38,21.73,27.25,14.58,12.81,16.55,2022,2025
Connecticut,CT,2013,Female,34.93,30.43,39.71,18.1,15.98,20.43,1165,1168
Connecticut,CT,2013,Male,19.74,17.25,22.48,10.94,9.22,12.94,1198,1187
Connecticut,CT,2013,Total,27.15,24.3,30.2,14.48,13.07,16.02,2368,2362
Connecticut,CT,2015,Female,34.69,30.91,38.68,16.27,13.73,19.18,1185,1186
Connecticut,CT,2015,Male,18.54,15.87,21.56,10.37,8.59,12.47,1155,1164
Connecticut,CT,2015,Total,26.62,23.92,29.51,13.39,11.86,15.08,2352,2361
Connecticut,CT,2017,Female,34.84,31.31,38.53,16.81,14.53,19.37,1188,1193
Connecticut,CT,2017,Male,19.21,16.99,21.64,10.33,8.99,11.84,1159,1163
Connecticut,CT,2017,Total,26.9,24.6,29.32,13.5,12.12,15.01,2360,2366
Connecticut,CT,2019,Female,40.5,36.1,44.9,15.9,13.0,19.3,,
Connecticut,CT,2019,Male,21.0,18.2,24.1,9.3,7.4,11.6,,
Connecticut,CT,2019,Total,30.6,27.3,34.0,12.7,10.6,15.0,,
Connecticut,CT,2021,Female,47.6,41.1,54.2,19.8,16.8,23.3,,
Connecticut,CT,2021,Male,24.2,20.8,28.0,8.7,7.4,10.1,,
Connecticut,CT,2021,Total,35.6,31.8,39.7,14.1,12.4,16.1,,
Connecticut,CT,2023,Female,46.5,43.2,49.8,19.4,17.1,22.0,,
Connecticut,CT,2023,Male,23.6,20.9,26.5,11.7,9.9,13.7,,
Connecticut,CT,2023,Total,35.2,33.2,37.3,15.7,14.3,17.1,,
Delaware,DE,2011,Female,34.03,30.21,38.07,16.67,14.14,19.54,1103,1106
Delaware,DE,2011,Male,19.21,16.38,22.39,10.3,8.13,12.97,1149,1147
Delaware,DE,2011,Total,26.77,24.48,29.19,13.48,11.82,15.33,2274,2275
Delaware,DE,2013,Female,30.12,27.25,33.15,15.48,13.4,17.83,1393,1388
Delaware,DE,2013,Male,15.73,13.75,17.94,10.4,8.92,12.1,1263,1270
Delaware,DE,2013,Total,22.93,21.13,24.84,12.82,11.44,14.33,2682,2687
Delaware,DE,2015,Female,32.47,29.28,35.84,17.51,14.79,20.62,1381,1378
Delaware,DE,2015,Male,15.3,13.15,17.73,9.99,8.38,11.87,1299,1292
Delaware,DE,2015,Total,24.25,22.14,26.49,14.03,12.68,15.5,2718,2710
Delaware,DE,2017,Female,36.9,33.68,40.25,21.28,18.05,24.91,1448,1449
Delaware,DE,2017,Male,18.41,16.06,21.02,10.82,8.67,13.43,1355,1354
Delaware,DE,2017,Total,27.59,25.5,29.79,16.09,13.9,18.53,2842,2840
Delaware,DE,2021,Female,50.2,47.3,53.2,26.6,23.7,29.7,,
Delaware,DE,2021,Male,23.3,19.8,27.2,9.4,7.2,12.1,,
Delaware,DE,2021,Total,36.9,34.2,39.7,18.3,16.4,20.4,,
Delaware,DE,2023,Female,46.6,42.3,51.0,24.7,21.8,28.0,,
Delaware,DE,2023,Male,18.9,15.8,22.6,9.8,7.1,13.5,,
Delaware,DE,2023,Total,32.9,29.3,36.7,17.4,14.8,20.5,,
Florida,FL,2011,Female,32.9,30.63,35.25,14.96,13.25,16.86,3216,3215
Florida,FL,2011,Male,18.68,16.98,20.52,9.21,8.16,10.39,2914,2912
Florida,FL,2011,Total,25.71,24.18,27.31,12.08,11.01,13.24,6168,6165
Florida,FL,2013,Female,34.05,31.83,36.35,17.79,16.35,19.33,3049,3048
Florida,FL,2013,Male,17.86,16.33,19.49,10.01,8.82,11.35,2931,2922
Florida,FL,2013,Total,25.82,24.26,27.45,13.95,12.91,15.05,6034,6025
Florida,FL,2015,Female,35.4,33.24,37.61,17.93,16.68,19.26,3177,3167
Florida,FL,2015,Male,17.31,15.62,19.15,9.49,8.33,10.8,3045,3044
Florida,FL,2015,Total,26.39,24.96,27.88,13.83,13.0,14.71,6296,6287
Florida,FL,2017,Female,38.13,36.14,40.15,18.12,16.79,19.52,3106,3107
Florida,FL,2017,Male,17.84,16.42,19.35,9.55,8.4,10.84,2902,2900
Florida,FL,2017,Total,27.85,26.41,29.34,13.77,12.8,14.8,6096,6095
Florida,FL,2019,Female,43.4,41.0,45.8,20.2,18.4,22.2,,
Florida,FL,2019,Male,24.2,22.6,25.8,10.9,9.7,12.3,,
Florida,FL,2019,Total,33.7,32.2,35.2,15.6,14.5,16.6,,
Florida,FL,2021,Female,51.6,47.8,55.3,24.1,21.1,27.3,,
Florida,FL,2021,Male,27.3,25.3,29.5,11.3,9.9,12.8,,
Florida,FL,2021,Total,39.3,36.9,41.8,17.7,16.1,19.4,,
Georgia,GA,2011,Female,38.53,34.77,42.44,19.08,16.08,22.49,941,939
Georgia,GA,2011,Male,22.58,18.53,27.22,11.69,9.03,15.0,993,995
Georgia,GA,2011,Total,30.63,27.53,33.92,15.47,13.38,17.82,1937,1937
Georgia,GA,2013,Female,33.57,30.46,36.83,16.04,13.7,18.69,959,960
Georgia,GA,2013,Male,22.35,19.01,26.09,12.48,9.78,15.79,987,971
Georgia,GA,2013,Total,28.02,25.9,30.24,14.35,12.23,16.76,1957,1941
Georgia,GA,2019,Female,37.7,34.2,41.4,23.2,20.7,25.8,,
Georgia,GA,2019,Male,21.8,19.8,24.0,13.6,10.9,16.7,,
Georgia,GA,2019,Total,29.9,27.0,32.9,18.5,16.2,21.0,,
Georgia,GA,2021,Female,56.7,49.8,63.4,39.7,37.1,42.3,,
Georgia,GA,2021,Male,29.8,23.8,36.6,12.8,8.8,18.3,,
Georgia,GA,2021,Total,43.5,33.0,54.7,26.5,22.4,31.1,,
Hawaii,HI,2011,Female,35.19,31.76,38.78,20.22,18.18,22.41,2283,2323
Hawaii,HI,2011,Male,23.47,21.14,25.97,11.96,9.85,14.45,1912,1957
Hawaii,HI,2011,Total,29.48,27.41,31.63,16.13,14.38,18.06,4206,4293
Hawaii,HI,2013,Female,37.09,33.88,40.41,20.43,17.92,23.18,2397,2432
Hawaii,HI,2013,Male,22.35,19.63,25.32,13.06,10.55,16.06,2101,2136
Hawaii,HI,2013,Total,29.77,27.59,32.04,16.89,14.76,19.26,4520,4591
Hawaii,HI,2015,Female,36.21,33.51,39.01,20.1,17.85,22.56,2987,2978
Hawaii,HI,2015,Male,22.45,20.39,24.65,11.68,9.83,13.83,2923,2908
Hawaii,HI,2015,Total,29.52,27.67,31.44,16.02,14.18,18.06,5955,5927
Hawaii,HI,2017,Female,35.04,32.75,37.41,18.69,17.12,20.37,2906,2942
Hawaii,HI,2017,Male,23.36,21.46,25.37,12.55,11.05,14.23,2799,2845
Hawaii,HI,2017,Total,29.48,27.92,31.09,16.02,14.78,17.33,5775,5861
Hawaii,HI,2019,Female,44.1,40.5,47.7,20.1,17.2,23.4,,
Hawaii,HI,2019,Male,25.3,22.8,28.0,13.3,11.5,15.3,,
Hawaii,HI,2019,Total,34.7,32.6,36.9,16.7,15.2,18.4,,
Hawaii,HI,2021,Female,46.9,44.3,49.5,22.7,20.6,25.0,,
Hawaii,HI,2021,Male,23.4,20.4,26.7,10.7,9.2,12.5,,
Hawaii,HI,2021,Total,34.8,32.4,37.3,16.6,15.6,17.7,,
Hawaii,HI,2023,Female,46.2,43.2,49.2,20.6,18.2,23.2,,
Hawaii,HI,2023,Male,24.2,21.7,26.9,11.2,9.5,13.1,,
Hawaii,HI,2023,Total,34.9,32.5,37.3,15.8,14.0,17.8,,
Iowa,IA,2011,Female,28.32,24.77,32.17,17.6,14.95,20.6,796,796
Iowa,IA,2011,Male,17.52,14.5,21.02,11.81,9.1,15.2,732,732
Iowa,IA,2011,Total,22.75,20.44,25.25,14.59,12.73,16.66,1535,1535
Iowa,IA,2017,Female,39.75,34.39,45.36,24.8,20.44,29.75,807,817
Iowa,IA,2017,Male,18.85,15.67,22.49,15.54,11.94,19.98,850,857
Iowa,IA,2017,Total,29.21,26.55,32.02,20.25,16.78,24.23,1664,1682
Iowa,IA,2019,Female,43.5,38.5,48.6,26.5,22.7,30.6,,
Iowa,IA,2019,Male,23.5,19.5,28.0,13.4,10.3,17.2,,
Iowa,IA,2019,Total,33.3,29.6,37.2,20.0,17.6,22.7,,
Iowa,IA,2021,Female,49.5,45.1,54.0,29.5,25.1,34.3,,
Iowa,IA,2021,Male,27.5,22.2,33.4,14.8,11.4,19.0,,
Iowa,IA,2021,Total,39.1,35.0,43.2,22.6,18.8,26.8,,
Idaho,ID,2011,Female,33.65,29.55,38.01,16.83,14.05,20.04,890,891
Idaho,ID,2011,Male,21.29,18.5,24.37,14.03,11.59,16.87,803,802
Idaho,ID,2011,Total,27.31,24.73,30.06,15.38,13.15,17.92,1698,1698
Idaho,ID,2013,Female,38.79,35.97,41.69,21.26,18.35,24.5,915,914
Idaho,ID,2013,Male,20.39,18.09,22.9,10.55,8.74,12.68,967,965
Idaho,ID,2013,Total,29.37,27.19,31.64,15.78,13.65,18.17,1883,1880
Idaho,ID,2015,Female,42.72,38.99,46.54,27.18,23.73,30.92,880,877
Idaho,ID,2015,Male,21.24,18.3,24.51,12.86,10.55,15.59,865,866
Idaho,ID,2015,Total,31.64,29.11,34.27,19.8,17.49,22.33,1752,1751
Idaho,ID,2017,Female,46.33,43.01,49.67,29.17,25.95,32.62,951,948
Idaho,ID,2017,Male,23.98,20.53,27.8,14.33,11.68,17.46,853,851
Idaho,ID,2017,Total,35.03,32.04,38.14,21.75,19.31,24.39,1807,1801
Idaho,ID,2019,Female,46.1,41.5,50.9,26.3,22.5,30.4,,
Idaho,ID,2019,Male,31.6,27.4,36.1,16.5,13.5,20.1,,
Idaho,ID,2019,Total,38.9,35.5,42.5,21.6,19.1,24.3,,
Idaho,ID,2021,Female,54.8,51.5,58.0,26.0,21.9,30.5,,
Idaho,ID,2021,Male,33.0,28.5,37.9,15.1,12.5,18.1,,
Idaho,ID,2021,Total,44.8,41.7,47.8,21.3,18.5,24.5,,
Illinois,IL,2011,Female,34.65,30.72,38.81,17.91,15.69,20.37,1783,1771
Illinois,IL,2011,Male,20.69,18.68,22.86,10.65,9.0,12.55,1776,1767
Illinois,IL,2011,Total,27.58,25.09,30.22,14.27,13.06,15.57,3567,3546
Illinois,IL,2013,Female,37.42,34.25,40.71,25.11,21.5,29.09,1716,1723
Illinois,IL,2013,Male,19.99,17.74,22.44,12.58,10.09,15.57,1492,1499
Illinois,IL,2013,Total,28.7,27.22,30.22,18.86,17.05,20.81,3219,3236
Illinois,IL,2015,Female,36.82,32.56,41.31,18.85,15.77,22.37,1595,1619
Illinois,IL,2015,Male,21.7,18.19,25.68,12.89,10.02,16.43,1579,1589
Illinois,IL,2015,Total,29.27,26.07,32.69,15.91,13.85,18.2,3190,3222
Illinois,IL,2017,Female,43.09,39.92,46.32,23.29,20.05,26.88,2539,2531
Illinois,IL,2017,Male,21.41,19.41,23.56,11.14,9.28,13.32,2330,2339
Illinois,IL,2017,Total,32.25,30.25,34.32,17.24,15.37,19.28,4910,4911
Illinois,IL,2019,Female,46.0,42.3,49.7,23.7,21.3,26.2,,
Illinois,IL,2019,Male,26.8,22.5,31.6,13.9,10.7,17.9,,
Illinois,IL,2019,Total,36.3,32.9,40.0,19.0,16.8,21.4,,
Illinois,IL,2021,Female,56.2,53.1,59.3,27.7,24.3,31.4,,
Illinois,IL,2021,Male,27.7,25.0,30.6,12.4,10.6,14.4,,
Illinois,IL,2021,Total,42.1,39.6,44.6,20.3,18.3,22.4,,
Illinois,IL,2023,Female,51.6,46.1,57.0,27.0,23.2,31.1,,
Illinois,IL,2023,Male,25.0,21.2,29.2,11.4,9.3,13.9,,
Illinois,IL,2023,Total,38.2,34.7,41.9,19.2,16.9,21.7,,
Indiana,IN,2011,Female,34.51,31.25,37.92,21.52,17.56,26.1,1469,1493
Indiana,IN,2011,Male,23.72,18.99,29.2,16.33,13.02,20.28,1325,1351
Indiana,IN,2011,Total,29.06,26.33,31.95,18.93,15.82,22.49,2797,2847
Indiana,IN,2015,Female,39.15,33.6,45.0,25.95,22.22,30.07,970,994
Indiana,IN,2015,Male,19.81,17.54,22.31,13.65,10.47,17.61,883,898
Indiana,IN,2015,Total,29.35,26.96,31.86,19.77,17.94,21.73,1864,1903
Indiana,IN,2021,Female,60.4,54.8,65.8,37.9,33.5,42.6,,
Indiana,IN,2021,Male,34.1,30.2,38.2,17.8,12.7,24.4,,
Indiana,IN,2021,Total,46.9,42.7,51.1,27.7,23.0,33.0,,
Indiana,IN,2023,Female,60.1,54.8,65.2,33.6,28.5,39.1,,
Indiana,IN,2023,Male,33.5,27.7,39.9,16.5,11.2,23.6,,
Indiana,IN,2023,Total,47.0,43.2,50.9,25.2,21.1,29.7,,
Kansas,KS,2011,Female,26.94,23.6,30.57,13.64,11.08,16.68,1004,1006
Kansas,KS,2011,Male,16.98,14.01,20.43,10.03,8.46,11.86,860,858
Kansas,KS,2011,Total,21.86,19.14,24.86,11.78,10.29,13.46,1869,1867
Kansas,KS,2013,Female,32.16,28.39,36.18,19.37,16.58,22.5,994,1003
Kansas,KS,2013,Male,16.13,13.64,18.98,13.58,11.31,16.22,922,923
Kansas,KS,2013,Total,23.99,21.37,26.83,16.44,14.47,18.62,1919,1930
Kansas,KS,2017,Female,32.98,29.05,37.17,19.68,17.14,22.49,1287,1307
Kansas,KS,2017,Male,17.08,13.85,20.88,11.44,8.3,15.57,1075,1087
Kansas,KS,2017,Total,24.84,22.5,27.34,15.57,13.55,17.83,2368,2400
Kansas,KS,2019,Female,40.9,36.0,45.9,22.4,18.4,27.1,,
Kansas,KS,2019,Male,24.4,21.0,28.2,14.4,11.2,18.3,,
Kansas,KS,2019,Total,32.5,28.9,36.2,18.4,15.6,21.7,,
Kansas,KS,2021,Female,47.7,43.1,52.4,25.4,21.4,29.9,,
Kansas,KS,2021,Male,26.9,23.4,30.8,13.0,10.4,16.2,,
Kansas,KS,2021,Total,37.7,34.9,40.7,19.5,17.0,22.2,,
Kentucky,KY,2011,Female,32.12,28.56,35.91,17.96,14.7,21.76,841,838
Kentucky,KY,2011,Male,22.08,18.97,25.55,11.58,9.25,14.4,873,873
Kentucky,KY,2011,Total,27.04,24.48,29.76,14.83,12.43,17.61,1721,1716
Kentucky,KY,2013,Female,31.7,27.48,36.25,19.21,14.81,24.56,783,780
Kentucky,KY,2013,Male,20.01,17.52,22.74,10.86,8.46,13.84,829,829
Kentucky,KY,2013,Total,25.75,22.82,28.91,14.99,12.13,18.39,1618,1615
Kentucky,KY,2015,Female,42.51,37.24,47.96,20.63,16.92,24.92,1304,1312
Kentucky,KY,2015,Male,20.55,17.47,24.01,10.63,8.58,13.1,1221,1218
Kentucky,KY,2015,Total,31.35,28.02,34.88,15.69,13.77,17.83,2543,2544
Kentucky,KY,2017,Female,40.89,37.2,44.68,19.4,16.95,22.12,1011,1009
Kentucky,KY,2017,Male,17.6,14.79,20.82,9.61,7.44,12.33,950,945
Kentucky,KY,2017,Total,29.23,26.67,31.93,14.83,12.93,16.96,1973,1966
Kentucky,KY,2019,Female,46.7,43.3,50.2,21.3,18.5,24.4,,
Kentucky,KY,2019,Male,27.8,23.9,32.1,14.6,12.0,17.6,,
Kentucky,KY,2019,Total,37.2,34.3,40.1,18.4,16.1,20.9,,
Kentucky,KY,2021,Female,51.6,47.5,55.7,24.7,20.1,30.0,,
Kentucky,KY,2021,Male,26.9,23.2,30.8,13.7,11.4,16.5,,
Kentucky,KY,2021,Total,39.2,36.1,42.4,19.1,16.1,22.5,,
Kentucky,KY,2023,Female,52.0,49.1,54.9,22.7,19.6,26.2,,
Kentucky,KY,2023,Male,31.6,28.6,34.7,14.8,12.9,17.0,,
Kentucky,KY,2023,Total,41.6,38.9,44.2,18.6,16.7,20.8,,
Louisiana,LA,2011,Female,34.87,30.89,39.07,17.12,11.04,25.58,632,635
Louisiana,LA,2011,Male,24.94,19.01,31.99,15.64,11.45,21.0,505,503
Louisiana,LA,2011,Total,30.11,26.57,33.89,16.42,12.09,21.92,1139,1140
Louisiana,LA,2013,Female,34.22,29.8,38.94,20.24,16.55,24.52,578,582
Louisiana,LA,2013,Male,28.15,22.97,33.97,15.9,11.95,20.85,486,492
Louisiana,LA,2013,Total,31.37,27.5,35.53,18.52,15.74,21.67,1067,1081
Louisiana,LA,2017,Female,40.62,35.75,45.68,21.37,17.84,25.39,597,598
Louisiana,LA,2017,Male,22.35,17.04,28.72,13.44,9.75,18.24,594,598
Louisiana,LA,2017,Total,31.72,27.13,36.7,17.84,14.8,21.35,1197,1209
Louisiana,LA,2019,Female,45.5,39.9,51.3,22.5,18.2,27.6,,
Louisiana,LA,2019,Male,28.4,24.6,32.5,12.3,9.7,15.6,,
Louisiana,LA,2019,Total,37.0,33.7,40.3,17.7,15.3,20.3,,
Louisiana,LA,2021,Female,59.6,52.4,66.5,36.6,27.7,46.5,,
Louisiana,LA,2021,Male,35.7,25.8,46.9,17.5,10.5,27.9,,
Louisiana,LA,2021,Total,47.5,41.1,54.0,26.9,19.4,36.1,,
Massachusetts,MA,2011,Female,31.54,29.11,34.07,16.09,14.07,18.34,1322,1346
Massachusetts,MA,2011,Male,19.04,16.62,21.72,10.49,9.07,12.1,1339,1359
Massachusetts,MA,2011,Total,25.2,23.32,27.18,13.33,12.07,14.7,2667,2713
Massachusetts,MA,2013,Female,29.16,25.81,32.74,16.05,14.05,18.27,1327,1320
Massachusetts,MA,2013,Male,14.39,12.51,16.51,7.8,6.46,9.39,1357,1353
Massachusetts,MA,2013,Total,21.69,19.64,23.9,11.96,10.81,13.22,2692,2681
Massachusetts,MA,2015,Female,34.83,32.07,37.7,17.43,15.24,19.86,1546,1547
Massachusetts,MA,2015,Male,19.92,17.5,22.57,12.18,10.36,14.27,1523,1517
Massachusetts,MA,2015,Total,27.42,25.51,29.4,14.87,13.09,16.85,3084,3080
Massachusetts,MA,2017,Female,36.03,33.3,38.85,15.71,13.64,18.03,1623,1615
Massachusetts,MA,2017,Male,19.01,16.35,22.0,9.23,7.35,11.54,1620,1620
Massachusetts,MA,2017,Total,27.45,25.28,29.72,12.44,11.21,13.79,3255,3245
Massachusetts,MA,2019,Female,41.1,36.3,46.1,19.2,16.4,22.2,,
Massachusetts,MA,2019,Male,26.4,23.7,29.2,15.4,13.1,18.1,,
Massachusetts,MA,2019,Total,33.8,30.8,37.0,17.5,15.6,19.6,,
Massachusetts,MA,2021,Female,50.1,47.0,53.2,25.1,22.3,28.0,,
Massachusetts,MA,2021,Male,26.6,23.1,30.4,11.5,9.2,14.1,,
Massachusetts,MA,2021,Total,38.5,35.6,41.4,18.4,16.5,20.4,,
Massachusetts,MA,2023,Female,45.3,41.8,48.7,20.2,17.2,23.6,,
Massachusetts,MA,2023,Male,23.4,20.3,26.8,11.6,9.4,14.3,,
Massachusetts,MA,2023,Total,34.0,31.2,36.9,15.8,13.7,18.1,,
Maryland,MD,2011,Female,31.38,27.49,35.55,19.26,16.68,22.12,1483,1498
Maryland,MD,2011,Male,19.21,16.65,22.05,12.88,9.71,16.9,1341,1360
Maryland,MD,2011,Total,25.39,22.64,28.35,16.19,13.7,19.04,2841,2874
Maryland,MD,2013,Female,34.22,33.3,35.15,20.05,19.31,20.81,26431,26713
Maryland,MD,2013,Male,19.74,19.06,20.43,11.57,11.06,12.11,25379,25733
Maryland,MD,2013,Total,27.03,26.34,27.73,15.96,15.45,16.48,52106,52754
Maryland,MD,2015,Female,35.03,34.19,35.87,20.7,20.09,21.34,27722,27609
Maryland,MD,2015,Male,18.69,18.14,19.26,10.88,10.43,11.35,26566,26453
Maryland,MD,2015,Total,26.85,26.27,27.43,15.86,15.42,16.3,54595,54379
Maryland,MD,2017,Female,38.74,37.93,39.56,21.82,21.19,22.47,24717,25075
Maryland,MD,2017,Male,21.04,20.42,21.68,12.44,11.86,13.04,24052,24489
Maryland,MD,2017,Total,29.92,29.32,30.53,17.29,16.79,17.81,49169,50006
Maryland,MD,2019,Female,40.6,39.3,41.8,22.7,21.8,23.5,,
Maryland,MD,2019,Male,23.5,22.2,24.8,13.0,12.2,13.8,,
Maryland,MD,2019,Total,32.0,30.9,33.1,18.0,17.3,18.7,,
Maryland,MD,2021,Female,50.8,49.4,52.1,26.7,25.8,27.6,,
Maryland,MD,2021,Male,27.3,26.2,28.5,14.0,13.1,14.9,,
Maryland,MD,2021,Total,39.2,38.3,40.2,20.6,19.9,21.3,,
Maryland,MD,2023,Female,48.8,47.6,50.0,24.6,23.6,25.7,,
Maryland,MD,2023,Male,24.3,23.3,25.3,11.4,10.7,12.1,,
Maryland,MD,2023,Total,36.3,35.5,37.2,17.9,17.3,18.7,,
Maine,ME,2011,Female,27.51,25.96,29.12,12.84,11.84,13.92,4776,4774
Maine,ME,2011,Male,16.65,15.59,17.76,9.82,8.9,10.82,4731,4703
Maine,ME,2011,Total,21.99,20.98,23.04,11.36,10.52,12.26,9641,9623
Maine,ME,2013,Female,32.71,31.22,34.23,18.52,16.94,20.22,4393,4398
Maine,ME,2013,Male,17.74,16.68,18.85,10.18,9.47,10.95,4289,4311
Maine,ME,2013,Total,25.11,24.0,26.24,14.32,13.36,15.33,8762,8789
Maine,ME,2015,Female,35.46,33.51,37.47,19.82,18.53,21.18,4717,4702
Maine,ME,2015,Male,17.78,16.64,18.97,10.53,9.3,11.89,4696,4692
Maine,ME,2015,Total,26.44,25.3,27.62,15.15,14.05,16.32,9484,9464
Maine,ME,2017,Female,36.12,33.67,38.64,17.58,15.91,19.38,4697,4684
Maine,ME,2017,Male,18.83,17.52,20.2,10.24,9.35,11.2,4571,4582
Maine,ME,2017,Total,27.35,25.78,28.98,13.9,12.88,14.99,9339,9337
Maine,ME,2019,Female,41.0,37.9,44.2,19.9,18.2,21.7,,
Maine,ME,2019,Male,22.2,20.5,23.9,11.8,10.5,13.2,,
Maine,ME,2019,Total,31.4,29.2,33.8,15.8,14.6,17.1,,
Maine,ME,2021,Female,50.0,48.0,52.0,25.8,24.5,27.2,,
Maine,ME,2021,Male,26.1,24.3,28.1,14.4,13.0,15.8,,
Maine,ME,2021,Total,37.9,36.3,39.5,20.2,19.1,21.3,,
Maine,ME,2023,Female,48.1,45.4,50.9,23.4,21.3,25.6,,
Maine,ME,2023,Male,26.2,24.5,28.0,13.6,12.2,15.1,,
Maine,ME,2023,Total,36.9,35.0,38.9,18.5,17.0,20.0,,
Michigan,MI,2011,Female,31.59,28.97,34.33,18.73,16.93,20.67,2069,2084
Michigan,MI,2011,Male,20.53,18.55,22.67,12.78,11.19,14.55,2055,2072
Michigan,MI,2011,Total,25.97,24.09,27.94,15.71,14.5,16.99,4140,4173
Michigan,MI,2013,Female,33.18,30.6,35.87,20.62,18.34,23.1,2112,2108
Michigan,MI,2013,Male,20.79,19.03,22.68,11.41,9.41,13.76,2111,2107
Michigan,MI,2013,Total,26.97,25.49,28.51,16.01,14.38,17.79,4237,4229
Michigan,MI,2015,Female,40.74,35.64,46.04,21.44,18.75,24.39,2512,2501
Michigan,MI,2015,Male,22.65,20.0,25.54,13.05,11.35,14.96,2209,2204
Michigan,MI,2015,Total,31.67,28.62,34.89,17.29,15.93,18.74,4735,4719
Michigan,MI,2017,Female,48.26,44.82,51.71,26.98,23.66,30.57,799,799
Michigan,MI,2017,Male,26.56,22.62,30.91,15.72,12.83,19.11,808,809
Michigan,MI,2017,Total,37.34,34.07,40.73,21.33,18.63,24.3,1613,1616
Michigan,MI,2019,Female,46.4,42.5,50.4,22.5,20.0,25.3,,
Michigan,MI,2019,Male,26.4,24.1,28.9,14.6,12.7,16.8,,
Michigan,MI,2019,Total,36.4,33.6,39.3,18.7,16.8,20.9,,
Michigan,MI,2021,Female,52.3,48.2,56.4,26.1,23.0,29.4,,
Michigan,MI,2021,Male,28.3,25.5,31.2,11.8,9.9,13.8,,
Michigan,MI,2021,Total,40.3,37.8,42.9,19.0,17.0,21.1,,
Michigan,MI,2023,Female,54.2,49.8,58.4,26.4,23.1,29.9,,
Michigan,MI,2023,Male,30.6,26.3,35.2,16.7,13.6,20.3,,
Michigan,MI,2023,Total,42.5,38.9,46.2,21.7,19.1,24.6,,
Missouri,MO,2013,Female,38.43,34.46,42.56,18.64,14.86,23.11,856,852
Missouri,MO,2013,Male,16.69,12.9,21.32,10.06,7.95,12.67,728,725
Missouri,MO,2013,Total,27.3,23.92,30.96,14.24,12.05,16.75,1593,1585
Missouri,MO,2015,Female,31.29,26.2,36.88,18.87,15.35,22.98,682,680
Missouri,MO,2015,Male,23.62,19.38,28.46,13.24,10.1,17.18,786,785
Missouri,MO,2015,Total,27.53,23.6,31.85,16.21,13.86,18.87,1477,1471
Missouri,MO,2017,Female,38.26,34.36,42.31,24.13,20.39,28.31,874,870
Missouri,MO,2017,Male,24.18,20.59,28.18,17.54,14.12,21.56,963,953
Missouri,MO,2017,Total,31.25,28.49,34.15,20.9,18.27,23.8,1845,1827
Missouri,MO,2019,Female,41.3,36.6,46.3,20.2,17.2,23.5,,
Missouri,MO,2019,Male,24.0,20.8,27.4,14.5,10.8,19.3,,
Missouri,MO,2019,Total,32.7,29.3,36.2,17.4,15.1,20.0,,
Missouri,MO,2021,Female,41.5,37.5,45.6,25.5,20.7,31.1,,
Missouri,MO,2021,Male,23.0,18.5,28.1,15.2,13.0,17.8,,
Missouri,MO,2021,Total,32.5,28.8,36.5,20.4,17.2,24.0,,
Missouri,MO,2023,Female,57.2,51.4,62.9,32.1,23.7,41.9,,
Missouri,MO,2023,Male,32.1,23.2,42.5,19.5,14.7,25.6,,
Missouri,MO,2023,Total,44.3,37.8,51.0,25.6,19.7,32.6,,
Mississippi,MS,2011,Female,33.97,31.32,36.72,16.03,13.56,18.85,961,962
Mississippi,MS,2011,Male,16.7,13.45,20.55,10.56,8.38,13.23,857,858
Mississippi,MS,2011,Total,25.51,23.37,27.78,13.28,11.34,15.5,1825,1827
Mississippi,MS,2013,Female,37.23,32.79,41.9,23.17,20.16,26.47,786,785
Mississippi,MS,2013,Male,18.77,14.8,23.5,10.2,7.92,13.06,794,791
Mississippi,MS,2013,Total,27.98,24.43,31.82,16.7,14.73,18.87,1583,1579
Mississippi,MS,2015,Female,38.33,35.16,41.59,20.93,18.48,23.61,1095,1091
Mississippi,MS,2015,Male,20.1,16.36,24.45,13.05,10.67,15.86,959,961
Mississippi,MS,2015,Total,29.49,26.54,32.62,16.99,15.48,18.62,2074,2070
Mississippi,MS,2019,Female,44.4,41.1,47.8,23.2,20.4,26.4,,
Mississippi,MS,2019,Male,26.6,23.1,30.3,14.1,11.4,17.3,,
Mississippi,MS,2019,Total,35.7,33.2,38.2,18.8,16.7,21.2,,
Mississippi,MS,2021,Female,52.4,48.4,56.3,27.1,24.2,30.2,,
Mississippi,MS,2021,Male,30.5,27.0,34.3,15.3,12.7,18.4,,
Mississippi,MS,2021,Total,41.8,38.8,44.8,21.6,19.9,23.4,,
Mississippi,MS,2023,Female,49.8,42.0,57.7,26.2,20.6,32.8,,
Mississippi,MS,2023,Male,33.2,26.9,40.3,13.9,8.5,21.9,,
Mississippi,MS,2023,Total,41.7,35.8,47.9,20.3,15.6,25.9,,
Montana,MT,2011,Female,30.78,28.35,33.32,17.08,15.43,18.86,2073,2084
Montana,MT,2011,Male,19.86,17.82,22.07,13.4,11.91,15.04,2016,2035
Montana,MT,2011,Total,25.24,23.44,27.13,15.25,14.1,16.48,4102,4133
Montana,MT,2013,Female,35.4,32.43,38.49,21.1,19.18,23.16,2411,2432
Montana,MT,2013,Male,17.96,16.38,19.66,12.73,11.21,14.41,2392,2416
Montana,MT,2013,Total,26.42,24.66,28.25,16.79,15.36,18.32,4822,4868
Montana,MT,2015,Female,38.76,36.17,41.42,25.49,23.43,27.67,2188,2185
Montana,MT,2015,Male,20.45,18.74,22.27,12.68,11.26,14.26,2261,2260
Montana,MT,2015,Total,29.27,27.68,30.92,18.84,17.61,20.14,4464,4460
Montana,MT,2017,Female,39.93,37.82,42.08,26.76,24.45,29.2,2330,2368
Montana,MT,2017,Male,22.77,20.57,25.13,15.36,13.57,17.33,2289,2336
Montana,MT,2017,Total,31.01,29.17,32.92,20.83,19.21,22.55,4636,4722
Montana,MT,2019,Female,46.0,43.3,48.7,28.0,25.7,30.4,,
Montana,MT,2019,Male,27.5,25.7,29.4,18.8,16.9,20.7,,
Montana,MT,2019,Total,36.7,34.9,38.6,23.4,21.8,25.1,,
Montana,MT,2021,Female,52.6,49.5,55.7,27.4,25.0,30.0,,
Montana,MT,2021,Male,30.2,27.8,32.6,15.8,14.1,17.7,,
Montana,MT,2021,Total,41.4,39.1,43.8,21.7,20.0,23.5,,
Montana,MT,2023,Female,54.8,51.6,58.0,32.0,29.1,35.1,,
Montana,MT,2023,Male,32.1,30.1,34.2,20.2,18.0,22.7,,
Montana,MT,2023,Total,43.3,41.2,45.5,26.1,24.1,28.2,,
North Carolina,NC,2011,Female,32.63,29.41,36.02,15.07,12.5,18.07,1193,1195
North Carolina,NC,2011,Male,24.03,20.72,27.69,13.54,11.02,16.53,1030,1037
North Carolina,NC,2011,Total,28.31,25.58,31.2,14.34,12.52,16.38,2229,2239
North Carolina,NC,2013,Female,38.73,34.94,42.65,21.72,18.49,25.34,934,932
North Carolina,NC,2013,Male,20.1,17.21,23.33,11.65,9.7,13.92,883,890
North Carolina,NC,2013,Total,29.28,26.87,31.8,16.65,14.96,18.49,1819,1824
North Carolina,NC,2015,Female,35.22,30.33,40.45,20.48,17.26,24.12,2992,3022
North Carolina,NC,2015,Male,17.49,14.72,20.67,10.7,8.66,13.16,2954,2996
North Carolina,NC,2015,Total,26.35,23.53,29.38,15.94,13.76,18.4,5979,6052
North Carolina,NC,2017,Female,38.94,36.6,41.33,21.16,18.78,23.74,1606,1631
North Carolina,NC,2017,Male,20.28,17.74,23.08,11.3,9.3,13.66,1449,1464
North Carolina,NC,2017,Total,29.43,27.56,31.36,16.23,14.65,17.95,3068,3109
North Carolina,NC,2019,Female,45.4,41.7,49.1,22.9,20.4,25.6,,
North Carolina,NC,2019,Male,27.4,23.3,31.9,14.6,11.3,18.8,,
North Carolina,NC,2019,Total,36.3,33.5,39.3,18.9,16.8,21.1,,
North Carolina,NC,2021,Female,55.5,49.1,61.7,30.2,26.3,34.3,,
North Carolina,NC,2021,Male,31.3,27.5,35.5,14.3,11.8,17.3,,
North Carolina,NC,2021,Total,43.4,39.8,47.1,22.3,19.2,25.7,,
North Carolina,NC,2023,Female,51.5,46.7,56.2,23.8,20.2,27.8,,
North Carolina,NC,2023,Male,26.8,23.7,30.1,12.3,9.7,15.5,,
North Carolina,NC,2023,Total,39.1,36.3,41.9,18.2,15.8,20.7,,
North Dakota,ND,2011,Female,31.24,27.84,34.86,19.36,16.31,22.83,967,969
North Dakota,ND,2011,Male,16.58,13.92,19.65,10.04,8.16,12.3,935,935
North Dakota,ND,2011,Total,23.79,21.07,26.75,14.69,12.75,16.87,1905,1907
North Dakota,ND,2013,Female,32.99,29.65,36.52,20.97,18.07,24.19,956,956
North Dakota,ND,2013,Male,18.25,15.85,20.92,11.52,9.4,14.04,1011,1014
North Dakota,ND,2013,Total,25.42,22.95,28.06,16.11,14.28,18.14,1974,1977
North Dakota,ND,2015,Female,35.21,32.12,38.42,20.44,17.6,23.61,1047,1047
North Dakota,ND,2015,Male,19.61,17.12,22.37,12.2,10.03,14.75,1068,1067
North Dakota,ND,2015,Total,27.21,25.13,29.4,16.19,14.21,18.38,2118,2117
North Dakota,ND,2017,Female,37.87,35.04,40.79,24.0,21.27,26.96,1122,1121
North Dakota,ND,2017,Male,20.39,17.79,23.27,9.7,7.76,12.05,1003,1001
North Dakota,ND,2017,Total,28.92,26.82,31.11,16.71,14.84,18.76,2135,2130
North Dakota,ND,2019,Female,40.8,36.6,45.2,25.5,21.7,29.7,,
North Dakota,ND,2019,Male,20.3,18.2,22.6,11.9,10.0,14.1,,
North Dakota,ND,2019,Total,30.5,28.2,33.0,18.8,16.6,21.2,,
North Dakota,ND,2021,Female,47.9,43.6,52.2,24.3,21.0,28.0,,
North Dakota,ND,2021,Male,24.6,20.3,29.5,13.0,10.4,16.2,,
North Dakota,ND,2021,Total,36.0,32.9,39.3,18.6,16.3,21.2,,
North Dakota,ND,2023,Female,46.4,41.6,51.3,21.0,17.3,25.2,,
North Dakota,ND,2023,Male,24.1,21.6,26.9,13.9,11.5,16.8,,
North Dakota,ND,2023,Total,35.0,32.1,38.1,17.5,14.9,20.4,,
Nebraska,NE,2011,Female,27.69,24.27,31.39,18.04,15.46,20.93,1400,1396
Nebraska,NE,2011,Male,14.47,12.67,16.48,10.76,9.05,12.75,1315,1313
Nebraska,NE,2011,Total,20.98,18.91,23.2,14.23,12.68,15.93,2723,2718
Nebraska,NE,2013,Female,27.95,24.55,31.62,16.8,14.18,19.79,882,880
Nebraska,NE,2013,Male,11.53,9.57,13.83,7.75,5.92,10.1,909,911
Nebraska,NE,2013,Total,19.53,17.47,21.76,12.1,10.62,13.76,1795,1795
Nebraska,NE,2015,Female,31.43,26.72,36.56,17.95,14.63,21.83,764,781
Nebraska,NE,2015,Male,17.07,14.15,20.46,11.3,9.2,13.8,746,766
Nebraska,NE,2015,Total,24.14,21.25,27.3,14.64,12.76,16.75,1515,1552
Nebraska,NE,2017,Female,35.16,29.8,40.92,23.04,18.71,28.03,700,695
Nebraska,NE,2017,Male,19.23,15.93,23.03,9.22,6.77,12.45,713,710
Nebraska,NE,2017,Total,26.98,23.65,30.6,16.11,13.28,19.42,1421,1413
Nebraska,NE,2019,Female,43.0,37.9,48.1,22.8,19.1,27.1,,
Nebraska,NE,2019,Male,21.1,17.1,25.7,12.7,10.0,16.0,,
Nebraska,NE,2019,Total,32.0,28.9,35.3,17.7,15.4,20.2,,
Nebraska,NE,2021,Female,48.8,39.8,57.9,25.3,19.3,32.3,,
Nebraska,NE,2021,Male,24.7,20.2,29.9,13.8,10.0,18.8,,
Nebraska,NE,2021,Total,36.4,30.9,42.3,19.2,15.0,24.2,,
Nebraska,NE,2023,Female,36.3,28.4,44.9,17.4,11.9,24.9,,
Nebraska,NE,2023,Male,18.7,13.7,24.9,10.7,6.9,16.2,,
Nebraska,NE,2023,Total,27.2,22.6,32.3,14.0,10.7,18.1,,
New Hampshire,NH,2011,Female,31.26,27.04,35.83,16.77,13.61,20.49,675,674
New Hampshire,NH,2011,Male,19.43,16.89,22.25,12.18,9.85,14.96,722,719
New Hampshire,NH,2011,Total,25.15,22.64,27.85,14.3,12.14,16.76,1407,1403
New Hampshire,NH,2013,Female,32.73,29.4,36.24,17.44,14.96,20.24,853,851
New Hampshire,NH,2013,Male,17.76,15.08,20.81,11.28,9.0,14.05,760,757
New Hampshire,NH,2013,Total,25.43,23.12,27.89,14.36,12.56,16.37,1630,1624
New Hampshire,NH,2015,Female,36.87,34.76,39.04,20.09,18.75,21.49,7156,6834
New Hampshire,NH,2015,Male,17.95,16.72,19.25,10.73,9.83,11.71,7390,7092
New Hampshire,NH,2015,Total,27.24,26.18,28.33,15.35,14.5,16.24,14777,14150
New Hampshire,NH,2017,Female,37.58,35.9,39.3,20.64,19.25,22.11,5827,5490
New Hampshire,NH,2017,Male,18.64,17.25,20.11,11.47,10.42,12.61,5956,5625
New Hampshire,NH,2017,Total,28.0,26.86,29.16,16.13,15.22,17.07,11988,11310
New Hampshire,NH,2019,Female,43.9,42.4,45.4,22.5,21.3,23.8,,
New Hampshire,NH,2019,Male,23.8,22.6,25.0,14.4,13.4,15.4,,
New Hampshire,NH,2019,Total,33.6,32.6,34.6,18.4,17.7,19.2,,
New Hampshire,NH,2021,Female,57.5,56.1,59.0,32.0,30.6,33.4,,
New Hampshire,NH,2021,Male,30.7,29.4,32.0,16.9,15.8,18.1,,
New Hampshire,NH,2021,Total,44.2,43.1,45.2,24.7,23.8,25.6,,
New Hampshire,NH,2023,Female,51.1,49.6,52.6,26.5,25.2,27.8,,
New Hampshire,NH,2023,Male,28.2,26.7,29.8,15.8,14.5,17.2,,
New Hampshire,NH,2023,Total,39.6,38.5,40.7,21.3,20.4,22.3,,
New Jersey,NJ,2011,Female,33.43,29.14,38.02,16.01,12.66,20.04,900,898
New Jersey,NJ,2011,Male,19.03,15.8,22.76,9.81,8.16,11.75,750,748
New Jersey,NJ,2011,Total,26.11,23.42,29.0,12.87,10.58,15.57,1654,1648
New Jersey,NJ,2013,Female,36.71,33.67,39.86,18.23,15.65,21.13,930,929
New Jersey,NJ,2013,Male,20.69,17.35,24.49,9.76,7.53,12.56,764,765
New Jersey,NJ,2013,Total,28.67,25.8,31.73,13.94,11.83,16.36,1697,1697
New Jersey,NJ,2019,Female,45.4,40.1,50.8,17.7,15.1,20.7,,
New Jersey,NJ,2019,Male,26.5,22.9,30.6,11.2,9.0,13.9,,
New Jersey,NJ,2019,Total,35.8,33.0,38.7,14.5,12.8,16.3,,
New Jersey,NJ,2021,Female,53.0,44.8,61.0,26.3,19.2,34.9,,
New Jersey,NJ,2021,Male,28.1,24.5,32.0,11.8,8.1,17.0,,
New Jersey,NJ,2021,Total,41.5,36.4,46.8,19.6,16.1,23.5,,
New Jersey,NJ,2023,Female,49.3,42.7,55.9,20.0,15.8,24.9,,
New Jersey,NJ,2023,Male,21.7,18.3,25.6,7.5,5.0,11.1,,
New Jersey,NJ,2023,Total,36.3,31.4,41.5,14.0,11.6,16.8,,
New Mexico,NM,2011,Female,37.26,35.17,39.4,20.76,19.0,22.64,2955,2949
New Mexico,NM,2011,Male,21.16,19.36,23.07,12.85,11.7,14.1,2900,2895
New Mexico,NM,2011,Total,29.07,27.96,30.21,16.72,15.72,17.76,5863,5852
New Mexico,NM,2013,Female,39.96,36.4,43.64,19.86,17.91,21.96,2658,2654
New Mexico,NM,2013,Male,21.42,19.24,23.77,11.64,10.64,12.73,2766,2768
New Mexico,NM,2013,Total,30.5,28.42,32.67,15.63,14.44,16.9,5432,5430
New Mexico,NM,2015,Female,42.31,39.93,44.72,21.36,19.12,23.78,4258,4258
New Mexico,NM,2015,Male,23.0,21.23,24.88,11.58,10.57,12.68,4010,4007
New Mexico,NM,2015,Total,32.54,30.8,34.33,16.45,15.07,17.93,8280,8278
New Mexico,NM,2017,Female,45.11,42.7,47.54,22.67,20.67,24.8,2910,2905
New Mexico,NM,2017,Male,26.63,24.75,28.6,13.03,11.7,14.48,2823,2824
New Mexico,NM,2017,Total,35.83,33.89,37.81,17.84,16.28,19.52,5748,5744
New Mexico,NM,2019,Female,50.7,48.0,53.4,24.8,22.3,27.5,,
New Mexico,NM,2019,Male,30.3,28.2,32.6,12.8,11.3,14.5,,
New Mexico,NM,2019,Total,40.4,38.1,42.8,18.8,16.9,20.8,,
New Mexico,NM,2021,Female,54.7,51.8,57.5,24.2,21.3,27.3,,
New Mexico,NM,2021,Male,30.7,28.6,33.0,13.0,11.1,15.2,,
New Mexico,NM,2021,Total,42.5,40.7,44.3,18.6,16.5,21.0,,
New Mexico,NM,2023,Female,47.4,43.3,51.5,19.1,16.9,21.6,,
New Mexico,NM,2023,Male,25.3,23.6,27.0,10.9,9.5,12.5,,
New Mexico,NM,2023,Total,36.2,33.9,38.6,15.1,13.6,16.6,,
Nevada,NV,2013,Female,41.28,37.85,44.78,25.65,22.49,29.09,1114,1109
Nevada,NV,2013,Male,21.33,18.46,24.5,12.36,10.15,14.97,1004,1001
Nevada,NV,2013,Total,31.08,28.47,33.82,18.85,16.87,21.01,2124,2117
Nevada,NV,2015,Female,44.2,38.7,49.86,23.85,20.94,27.02,731,736
Nevada,NV,2015,Male,21.61,19.33,24.08,10.63,7.86,14.23,701,699
Nevada,NV,2015,Total,32.7,29.96,35.55,17.25,14.83,19.97,1435,1437
Nevada,NV,2017,Female,47.29,42.81,51.81,22.05,18.61,25.91,801,798
Nevada,NV,2017,Male,24.15,20.25,28.53,11.62,9.16,14.63,839,841
Nevada,NV,2017,Total,35.5,31.58,39.64,16.71,14.39,19.33,1652,1649
Nevada,NV,2019,Female,52.2,48.4,56.0,23.6,20.2,27.5,,
Nevada,NV,2019,Male,33.3,28.4,38.5,13.3,10.7,16.4,,
Nevada,NV,2019,Total,42.5,39.4,45.7,18.4,16.2,20.7,,
Nevada,NV,2021,Female,58.1,54.0,62.0,29.6,26.2,33.2,,
Nevada,NV,2021,Male,33.2,29.2,37.4,14.2,11.7,17.2,,
Nevada,NV,2021,Total,45.6,41.9,49.3,22.1,19.7,24.7,,
Nevada,NV,2023,Female,54.6,50.4,58.7,26.8,22.8,31.3,,
Nevada,NV,2023,Male,31.1,26.6,36.0,12.6,9.8,16.1,,
Nevada,NV,2023,Total,44.1,40.2,48.0,20.9,17.6,24.6,,
New York (Excluding New York City),NY,2011,Female,31.83,28.72,35.11,15.88,14.58,17.27,6853,6893
New York (Excluding New York City),NY,2011,Male,18.13,15.68,20.86,10.02,8.1,12.34,6107,6148
New York (Excluding New York City),NY,2011,Total,24.87,23.04,26.79,12.93,12.07,13.84,12994,13075
New York (Excluding New York City),NY,2013,Female,31.42,28.31,34.72,18.0,15.55,20.74,5397,5383
New York (Excluding New York City),NY,2013,Male,16.36,14.24,18.73,9.54,7.87,11.52,5014,5007
New York (Excluding New York City),NY,2013,Total,23.76,21.52,26.15,13.71,11.98,15.64,10452,10436
New York (Excluding New York City),NY,2015,Female,35.97,33.36,38.66,19.39,16.93,22.1,5515,5496
New York (Excluding New York City),NY,2015,Male,21.04,18.74,23.54,11.8,9.7,14.29,4968,4940
New York (Excluding New York City),NY,2015,Total,28.55,26.09,31.15,15.66,13.71,17.84,10552,10498
New York (Excluding New York City),NY,2017,Female,39.03,36.55,41.56,22.14,19.58,24.92,5659,5726
New York (Excluding New York City),NY,2017,Male,22.0,19.62,24.59,12.75,10.7,15.12,5084,5178
New York (Excluding New York City),NY,2017,Total,30.39,28.52,32.33,17.41,15.38,19.64,10829,10987
New York (Excluding New York City),NY,2019,Female,44.0,39.4,48.7,21.4,18.2,25.0,,
New York (Excluding New York City),NY,2019,Male,24.7,21.2,28.6,14.6,11.4,18.6,,
New York (Excluding New York City),NY,2019,Total,34.6,30.8,38.7,18.2,15.3,21.5,,
New York (Excluding New York City),NY,2021,Female,42.1,34.6,50.0,22.0,15.9,29.7,,
New York (Excluding New York City),NY,2021,Male,19.8,16.3,23.9,13.4,10.6,16.9,,
New York (Excluding New York City),NY,2021,Total,31.4,29.4,33.4,17.8,15.3,20.6,,
New York (Excluding New York City),NY,2023,Female,43.6,31.1,57.0,23.5,18.2,29.8,,
New York (Excluding New York City),NY,2023,Male,26.0,21.8,30.7,12.9,9.3,17.4,,
New York (Excluding New York City),NY,2023,Total,36.0,28.4,44.4,18.8,14.2,24.4,,
Ohio,OH,2011,Female,33.89,27.26,41.23,18.09,14.18,22.81,708,703
Ohio,OH,2011,Male,20.19,17.51,23.17,10.7,8.33,13.64,714,710
Ohio,OH,2011,Total,27.05,22.97,31.56,14.26,11.46,17.62,1428,1419
Ohio,OH,2013,Female,35.23,31.5,39.14,18.31,15.38,21.67,783,782
Ohio,OH,2013,Male,16.74,13.82,20.13,10.48,8.43,12.95,643,638
Ohio,OH,2013,Total,25.78,23.22,28.53,14.3,12.18,16.72,1434,1428
Ohio,OH,2019,Female,43.8,37.3,50.6,19.7,16.3,23.7,,
Ohio,OH,2019,Male,22.4,17.7,27.9,11.6,9.2,14.5,,
Ohio,OH,2019,Total,33.0,27.9,38.6,15.6,13.3,18.2,,
Ohio,OH,2021,Female,56.2,46.6,65.3,31.7,26.8,37.1,,
Ohio,OH,2021,Male,30.0,24.8,35.8,12.3,8.8,17.0,,
Ohio,OH,2021,Total,42.6,38.7,46.7,21.6,17.8,25.9,,
Ohio,OH,2023,Female,45.0,38.1,52.0,24.8,19.4,31.2,,
Ohio,OH,2023,Male,25.6,17.5,35.9,11.7,7.1,18.9,,
Ohio,OH,2023,Total,35.0,30.8,39.4,18.1,14.0,23.0,,
Oklahoma,OK,2011,Female,35.72,32.25,39.33,18.66,15.67,22.07,599,599
Oklahoma,OK,2011,Male,21.24,16.54,26.85,9.83,7.64,12.56,542,541
Oklahoma,OK,2011,Total,28.62,25.49,31.97,14.26,12.65,16.04,1146,1145
Oklahoma,OK,2013,Female,35.2,31.39,39.22,20.19,16.9,23.93,732,731
Oklahoma,OK,2013,Male,19.76,16.19,23.88,11.45,9.68,13.49,739,738
Oklahoma,OK,2013,Total,27.31,24.37,30.46,15.71,13.77,17.86,1472,1470
Oklahoma,OK,2015,Female,37.93,33.28,42.82,19.87,17.18,22.87,766,765
Oklahoma,OK,2015,Male,19.74,16.97,22.84,10.2,7.38,13.93,822,821
Oklahoma,OK,2015,Total,28.86,25.79,32.14,15.05,12.85,17.56,1595,1593
Oklahoma,OK,2017,Female,43.91,39.19,48.75,27.85,23.88,32.19,825,830
Oklahoma,OK,2017,Male,20.05,16.14,24.63,10.85,8.01,14.55,799,803
Oklahoma,OK,2017,Total,31.76,27.99,35.79,19.09,15.84,22.83,1631,1640
Oklahoma,OK,2019,Female,47.8,43.7,52.0,27.9,23.9,32.3,,
Oklahoma,OK,2019,Male,29.8,26.4,33.4,16.7,13.8,20.0,,
Oklahoma,OK,2019,Total,38.6,35.5,41.7,22.2,19.8,24.7,,
Oklahoma,OK,2021,Female,57.7,53.4,61.9,31.7,27.4,36.3,,
Oklahoma,OK,2021,Male,29.8,25.4,34.7,14.8,12.2,17.8,,
Oklahoma,OK,2021,Total,43.5,40.3,46.8,23.0,20.4,25.9,,
Oklahoma,OK,2023,Female,58.8,53.9,63.6,31.6,27.2,36.4,,
Oklahoma,OK,2023,Male,30.9,26.3,35.9,14.6,11.7,18.1,,
Oklahoma,OK,2023,Total,44.9,40.6,49.3,23.3,20.2,26.7,,
Pennsylvania,PA,2015,Female,36.69,33.08,40.45,20.25,18.12,22.57,1424,1428
Pennsylvania,PA,2015,Male,19.16,16.84,21.72,11.17,9.16,13.56,1422,1430
Pennsylvania,PA,2015,Total,27.81,25.29,30.49,15.68,14.17,17.33,2852,2862
Pennsylvania,PA,2017,Female,38.57,35.26,41.99,20.63,18.39,23.07,1842,1842
Pennsylvania,PA,2017,Male,20.41,18.35,22.65,9.72,7.65,12.26,1848,1847
Pennsylvania,PA,2017,Total,29.39,27.33,31.55,15.07,13.48,16.8,3712,3712
Pennsylvania,PA,2019,Female,45.1,42.2,48.1,22.4,19.8,25.3,,
Pennsylvania,PA,2019,Male,24.3,22.0,26.8,12.1,10.2,14.4,,
Pennsylvania,PA,2019,Total,34.5,32.4,36.6,17.2,15.4,19.1,,
Pennsylvania,PA,2021,Female,59.0,53.5,64.4,30.8,26.0,36.2,,
Pennsylvania,PA,2021,Male,28.6,24.6,33.0,14.5,11.9,17.6,,
Pennsylvania,PA,2021,Total,43.7,40.1,47.5,22.7,19.6,26.2,,
Pennsylvania,PA,2023,Female,51.2,46.7,55.7,25.2,21.2,29.6,,
Pennsylvania,PA,2023,Male,26.8,23.8,30.0,11.0,8.9,13.5,,
Pennsylvania,PA,2023,Total,38.7,35.8,41.8,18.0,15.6,20.8,,
Rhode Island,RI,2011,Female,31.45,28.85,34.17,14.58,13.57,15.66,1997,2001
Rhode Island,RI,2011,Male,17.57,15.7,19.62,10.05,8.63,11.67,1915,1915
Rhode Island,RI,2011,Total,24.61,22.83,26.48,12.31,11.36,13.33,3929,3934
Rhode Island,RI,2013,Female,34.99,30.75,39.47,18.33,14.56,22.82,1273,1268
Rhode Island,RI,2013,Male,16.5,14.01,19.33,9.52,7.46,12.07,1136,1139
Rhode Island,RI,2013,Total,25.75,23.7,27.91,13.94,11.38,16.96,2420,2416
Rhode Island,RI,2015,Female,35.81,33.88,37.79,19.31,17.2,21.62,1739,1730
Rhode Island,RI,2015,Male,17.21,14.77,19.97,8.92,7.3,10.87,1666,1668
Rhode Island,RI,2015,Total,26.35,24.3,28.51,14.06,12.37,15.95,3418,3410
Rhode Island,RI,2017,Female,37.98,33.34,42.85,19.65,16.1,23.75,1107,1104
Rhode Island,RI,2017,Male,20.75,17.24,24.76,11.65,9.48,14.25,1055,1046
Rhode Island,RI,2017,Total,29.38,26.86,32.04,15.87,14.1,17.82,2185,2173
Rhode Island,RI,2019,Female,40.6,36.8,44.6,15.7,13.9,17.7,,
Rhode Island,RI,2019,Male,23.9,20.2,28.1,10.7,8.7,13.1,,
Rhode Island,RI,2019,Total,32.3,28.9,35.9,13.3,11.5,15.4,,
Rhode Island,RI,2021,Female,51.7,46.6,56.7,24.1,20.4,28.4,,
Rhode Island,RI,2021,Male,25.1,21.6,29.1,10.6,8.5,13.3,,
Rhode Island,RI,2021,Total,37.8,34.2,41.5,17.1,14.7,19.7,,
Rhode Island,RI,2023,Female,46.7,41.4,52.2,20.2,16.7,24.2,,
Rhode Island,RI,2023,Male,22.9,18.9,27.4,10.1,8.1,12.6,,
Rhode Island,RI,2023,Total,35.9,31.1,41.1,15.7,13.3,18.4,,
South Carolina,SC,2011,Female,38.14,32.02,44.67,19.92,15.94,24.6,682,682
South Carolina,SC,2011,Male,22.77,17.68,28.82,10.89,8.69,13.56,781,786
South Carolina,SC,2011,Total,30.48,25.75,35.65,15.47,12.82,18.55,1467,1472
South Carolina,SC,2013,Female,33.76,29.15,38.7,17.44,13.75,21.86,831,830
South Carolina,SC,2013,Male,19.68,16.74,22.98,9.12,7.42,11.15,753,748
South Carolina,SC,2013,Total,26.64,23.63,29.88,13.19,11.26,15.4,1590,1582
South Carolina,SC,2015,Female,39.55,33.74,45.67,21.32,16.91,26.51,692,686
South Carolina,SC,2015,Male,20.42,17.47,23.71,13.32,10.32,17.02,648,641
South Carolina,SC,2015,Total,29.88,26.14,33.92,17.27,14.19,20.86,1341,1328
South Carolina,SC,2017,Female,43.03,38.25,47.95,24.07,20.12,28.51,714,724
South Carolina,SC,2017,Male,22.7,17.88,28.36,13.77,9.78,19.03,609,629
South Carolina,SC,2017,Total,33.24,29.41,37.3,19.16,16.13,22.6,1337,1364
South Carolina,SC,2019,Female,48.0,44.0,52.0,22.9,18.8,27.5,,
South Carolina,SC,2019,Male,29.6,24.9,34.8,16.6,13.9,19.7,,
South Carolina,SC,2019,Total,39.0,35.2,42.9,19.9,17.3,22.8,,
South Carolina,SC,2021,Female,51.2,44.5,58.0,,,,,
South Carolina,SC,2021,Male,30.9,26.6,35.7,,,,,
South Carolina,SC,2021,Total,41.1,36.7,45.6,,,,,
South Dakota,SD,2011,Female,,,,22.28,17.11,28.47,,808
South Dakota,SD,2011,Male,,,,13.55,10.32,17.59,,714
South Dakota,SD,2011,Total,,,,17.84,13.86,22.65,,1524
South Dakota,SD,2013,Female,27.43,22.88,32.5,20.25,16.05,25.22,642,644
South Dakota,SD,2013,Male,16.43,13.72,19.55,11.86,9.18,15.18,656,656
South Dakota,SD,2013,Total,22.0,19.19,25.08,15.99,13.03,19.47,1300,1302
South Dakota,SD,2015,Female,34.66,27.63,42.44,23.26,17.62,30.03,667,665
South Dakota,SD,2015,Male,16.52,12.64,21.3,9.27,6.44,13.17,630,628
South Dakota,SD,2015,Total,25.4,21.0,30.37,16.11,12.38,20.71,1297,1293
South Dakota,SD,2019,Female,45.3,40.7,50.0,27.3,24.0,30.9,,
South Dakota,SD,2019,Male,26.5,21.8,31.8,19.0,15.1,23.7,,
South Dakota,SD,2019,Total,35.7,31.5,40.1,23.1,20.2,26.4,,
South Dakota,SD,2021,Female,50.5,44.6,56.4,27.8,24.5,31.4,,
South Dakota,SD,2021,Male,27.4,19.6,36.8,15.5,12.4,19.1,,
South Dakota,SD,2021,Total,38.7,31.3,46.6,21.5,18.5,24.9,,
South Dakota,SD,2023,Female,42.9,40.6,45.3,22.2,19.5,25.1,,
South Dakota,SD,2023,Male,21.3,17.7,25.3,12.1,9.7,15.0,,
South Dakota,SD,2023,Total,32.0,29.6,34.4,17.1,15.1,19.4,,
Tennessee,TN,2011,Female,32.81,29.83,35.93,17.85,15.0,21.1,1353,1355
Tennessee,TN,2011,Male,19.32,16.82,22.09,11.45,9.82,13.3,1267,1267
Tennessee,TN,2011,Total,25.86,23.84,27.99,14.65,13.12,16.33,2625,2627
Tennessee,TN,2013,Female,34.4,30.83,38.17,19.06,15.92,22.66,975,977
Tennessee,TN,2013,Male,22.48,19.69,25.55,11.64,9.94,13.59,893,892
Tennessee,TN,2013,Total,28.31,25.91,30.84,15.24,13.29,17.41,1874,1876
Tennessee,TN,2015,Female,38.0,34.62,41.51,21.67,19.03,24.56,2082,2123
Tennessee,TN,2015,Male,18.51,16.82,20.33,10.6,9.25,12.11,1908,1954
Tennessee,TN,2015,Total,27.99,25.96,30.12,15.97,14.5,17.56,4006,4092
Tennessee,TN,2017,Female,40.09,36.07,44.25,22.67,19.49,26.2,1056,1050
Tennessee,TN,2017,Male,21.88,19.21,24.81,10.2,8.42,12.31,954,952
Tennessee,TN,2017,Total,31.07,28.03,34.28,16.47,14.25,18.97,2023,2015
Tennessee,TN,2019,Female,47.1,43.0,51.3,24.4,21.8,27.3,,
Tennessee,TN,2019,Male,27.9,23.4,32.8,13.7,10.0,18.5,,
Tennessee,TN,2019,Total,37.5,33.8,41.5,19.2,16.4,22.3,,
Tennessee,TN,2021,Female,53.6,49.6,57.6,28.2,24.3,32.5,,
Tennessee,TN,2021,Male,30.7,27.3,34.4,17.0,13.3,21.4,,
Tennessee,TN,2021,Total,42.2,39.4,45.1,22.8,19.7,26.2,,
Tennessee,TN,2023,Female,55.1,47.8,62.1,29.7,23.1,37.2,,
Tennessee,TN,2023,Male,30.4,26.8,34.3,18.3,14.8,22.3,,
Tennessee,TN,2023,Total,42.7,38.3,47.2,24.1,20.4,28.2,,
Texas,TX,2011,Female,36.85,34.65,39.12,19.85,18.1,21.71,2060,2080
Texas,TX,2011,Male,21.98,20.34,23.71,11.82,10.19,13.68,2069,2089
Texas,TX,2011,Total,29.24,27.76,30.77,15.78,14.57,17.07,4140,4181
Texas,TX,2013,Female,36.78,32.93,40.8,21.08,18.72,23.66,1579,1589
Texas,TX,2013,Male,20.18,18.3,22.19,12.45,10.56,14.61,1552,1567
Texas,TX,2013,Total,28.32,25.97,30.8,16.68,15.14,18.35,3131,3156
Texas,TX,2017,Female,43.75,39.85,47.72,21.74,18.56,25.29,1114,1112
Texas,TX,2017,Male,24.74,20.94,28.97,13.27,10.67,16.39,966,958
Texas,TX,2017,Total,34.18,31.43,37.05,17.56,15.37,19.99,2092,2081
Texas,TX,2019,Female,48.6,44.4,52.8,25.3,22.0,28.9,,
Texas,TX,2019,Male,28.3,25.3,31.4,12.6,10.4,15.1,,
Texas,TX,2019,Total,38.3,35.4,41.3,18.9,16.6,21.4,,
Texas,TX,2021,Female,57.2,50.8,63.5,28.2,23.8,32.9,,
Texas,TX,2021,Male,32.1,27.9,36.5,15.3,12.3,18.9,,
Texas,TX,2021,Total,44.6,39.3,50.0,21.7,18.2,25.7,,
Texas,TX,2023,Female,56.4,49.0,63.5,28.8,23.9,34.2,,
Texas,TX,2023,Male,29.0,25.5,32.7,13.4,10.3,17.4,,
Texas,TX,2023,Total,42.4,37.2,47.8,21.1,17.2,25.6,,
United States,US,2011,Female,35.92,34.13,37.76,19.28,18.22,20.37,7640,7659
United States,US,2011,Male,21.47,19.92,23.1,12.52,11.61,13.49,7572,7578
United States,US,2011,Total,28.46,27.21,29.74,15.79,15.07,16.54,15269,15293
United States,US,2013,Female,39.05,36.75,41.4,22.37,20.81,24.01,6588,6586
United States,US,2013,Male,20.8,19.38,22.29,11.58,10.34,12.94,6896,6894
United States,US,2013,Total,29.92,28.31,31.58,16.97,15.84,18.16,13495,13491
United States,US,2015,Female,39.77,36.46,43.18,23.41,21.51,25.43,7688,7674
United States,US,2015,Male,20.32,18.93,21.79,12.22,11.18,13.34,7659,7656
United States,US,2015,Total,29.87,28.04,31.77,17.74,16.7,18.83,15455,15434
United States,US,2017,Female,41.09,37.45,44.83,22.11,19.97,24.42,7424,7440
United States,US,2017,Male,21.4,19.66,23.24,11.94,10.93,13.03,6992,6997
United States,US,2017,Total,31.47,29.57,33.44,17.2,16.17,18.28,14527,14553
United States,US,2019,Female,46.6,44.4,48.9,24.1,22.3,26.0,,
United States,US,2019,Male,26.8,25.2,28.4,13.3,12.2,14.5,,
United States,US,2019,Total,36.7,35.1,38.3,18.8,17.6,20.0,,
United States,US,2021,Female,56.6,54.6,58.5,30.0,28.5,31.4,,
United States,US,2021,Male,28.6,27.1,30.0,14.3,13.3,15.4,,
United States,US,2021,Total,42.3,41.0,43.7,22.2,21.1,23.3,,
United States,US,2023,Female,52.6,50.1,55.0,27.1,24.7,29.6,,
United States,US,2023,Male,27.7,25.9,29.6,14.1,12.4,15.9,,
United States,US,2023,Total,39.7,37.7,41.7,20.4,18.7,22.3,,
Utah,UT,2011,Female,33.23,28.45,38.38,16.44,13.55,19.81,805,812
Utah,UT,2011,Male,20.38,16.8,24.5,11.75,9.48,14.48,879,888
Utah,UT,2011,Total,26.69,23.58,30.04,14.25,12.3,16.45,1687,1721
Utah,UT,2013,Female,31.97,27.5,36.8,17.39,14.56,20.63,1137,1146
Utah,UT,2013,Male,19.73,17.26,22.45,13.54,11.64,15.7,1013,1029
Utah,UT,2013,Total,25.67,22.76,28.81,15.46,13.76,17.33,2157,2183
Utah,UT,2017,Female,42.53,36.93,48.34,28.53,22.47,35.48,921,920
Utah,UT,2017,Male,23.97,20.97,27.25,14.89,12.44,17.74,904,904
Utah,UT,2017,Total,32.98,29.34,36.83,21.62,17.8,26.01,1838,1835
Utah,UT,2019,Female,45.7,40.7,50.7,26.6,22.6,30.9,,
Utah,UT,2019,Male,28.1,23.3,33.4,18.2,15.3,21.4,,
Utah,UT,2019,Total,36.7,33.2,40.4,22.3,19.9,24.9,,
Utah,UT,2021,Female,52.7,48.4,57.0,27.7,24.0,31.7,,
Utah,UT,2021,Male,30.6,26.2,35.4,16.9,14.1,20.3,,
Utah,UT,2021,Total,41.5,38.6,44.6,22.5,20.0,25.1,,
Utah,UT,2023,Female,47.2,39.1,55.4,31.0,24.2,38.7,,
Utah,UT,2023,Male,26.6,21.6,32.3,14.8,11.8,18.5,,
Utah,UT,2023,Total,37.0,31.4,43.0,22.9,18.7,27.6,,
Virginia,VA,2011,Female,33.89,29.81,38.24,21.86,18.46,25.7,712,722
Virginia,VA,2011,Male,17.3,13.3,22.21,12.02,9.08,15.75,697,705
Virginia,VA,2011,Total,25.53,21.99,29.43,16.94,14.28,19.98,1412,1432
Virginia,VA,2013,Female,33.78,31.84,35.77,19.19,17.61,20.88,3474,3455
Virginia,VA,2013,Male,17.61,16.05,19.29,10.43,9.32,11.66,3356,3347
Virginia,VA,2013,Total,25.66,24.31,27.06,14.75,13.77,15.78,6854,6826
Virginia,VA,2015,Female,37.09,34.55,39.71,18.6,16.35,21.09,2563,2551
Virginia,VA,2015,Male,17.28,15.27,19.5,9.59,8.13,11.29,2562,2563
Virginia,VA,2015,Total,26.91,25.14,28.76,13.97,12.58,15.49,5155,5144
Virginia,VA,2017,Female,38.89,36.12,41.72,21.1,19.38,22.94,1864,1871
Virginia,VA,2017,Male,20.56,18.11,23.25,10.21,8.69,11.96,1759,1761
Virginia,VA,2017,Total,29.52,27.72,31.39,15.67,14.44,16.98,3643,3651
Virginia,VA,2019,Female,41.7,39.0,44.4,21.0,18.2,24.1,,
Virginia,VA,2019,Male,24.0,21.8,26.3,11.4,9.5,13.7,,
Virginia,VA,2019,Total,32.4,30.5,34.4,16.0,14.2,18.0,,
Virginia,VA,2021,Female,49.9,46.1,53.7,27.7,24.2,31.4,,
Virginia,VA,2021,Male,26.3,23.0,29.8,13.3,10.9,16.1,,
Virginia,VA,2021,Total,38.2,35.2,41.2,20.5,18.1,23.1,,
Virginia,VA,2023,Female,46.6,39.8,53.5,23.5,18.8,28.9,,
Virginia,VA,2023,Male,20.9,17.5,24.7,9.9,6.9,14.0,,
Virginia,VA,2023,Total,33.4,29.0,38.1,16.5,13.1,20.6,,
Vermont,VT,2011,Female,24.63,21.26,28.33,,,,4158,
Vermont,VT,2011,Male,14.03,12.08,16.24,,,,4266,
Vermont,VT,2011,Total,19.24,16.76,21.99,,,,8537,
Vermont,VT,2013,Female,31.49,29.24,33.84,,,,3232,
Vermont,VT,2013,Male,15.42,13.9,17.07,,,,3241,
Vermont,VT,2013,Total,23.23,21.72,24.8,,,,6541,
Vermont,VT,2015,Female,33.55,32.64,34.47,,,,10207,
Vermont,VT,2015,Male,15.41,14.72,16.12,,,,10442,
Vermont,VT,2015,Total,24.38,23.81,24.97,,,,20932,
Vermont,VT,2017,Female,34.79,33.86,35.74,,,,9958,
Vermont,VT,2017,Male,16.17,15.47,16.9,,,,10289,
Vermont,VT,2017,Total,25.36,24.77,25.97,,,,20571,
Vermont,VT,2019,Female,40.3,39.3,41.4,,,,,
Vermont,VT,2019,Male,22.0,21.2,22.9,,,,,
Vermont,VT,2019,Total,30.9,30.2,31.6,,,,,
Vermont,VT,2021,Female,40.5,39.5,41.6,,,,,
Vermont,VT,2021,Male,18.7,17.9,19.6,,,,,
Vermont,VT,2021,Total,29.6,28.9,30.3,,,,,
Vermont,VT,2023,Female,39.2,38.1,40.4,,,,,
Vermont,VT,2023,Male,19.5,18.5,20.4,,,,,
Vermont,VT,2023,Total,29.3,28.5,30.1,,,,,
Wisconsin,WI,2011,Female,30.11,26.72,33.73,17.0,14.64,19.64,1510,1514
Wisconsin,WI,2011,Male,15.54,13.12,18.31,10.04,8.1,12.39,1498,1506
Wisconsin,WI,2011,Total,22.68,20.5,25.03,13.45,11.76,15.35,3013,3025
Wisconsin,WI,2013,Female,32.94,29.19,36.91,16.2,13.79,18.95,1431,1432
Wisconsin,WI,2013,Male,16.55,14.07,19.38,10.18,7.85,13.1,1388,1389
Wisconsin,WI,2013,Total,24.61,21.83,27.61,13.16,11.2,15.4,2826,2828
Wisconsin,WI,2017,Female,38.07,33.87,42.46,22.43,19.37,25.82,1014,1015
Wisconsin,WI,2017,Male,16.22,13.11,19.9,10.32,8.11,13.05,1003,1010
Wisconsin,WI,2017,Total,26.99,23.92,30.3,16.41,14.41,18.64,2031,2039
Wisconsin,WI,2019,Female,37.1,33.4,40.8,20.1,17.2,23.5,,
Wisconsin,WI,2019,Male,20.4,18.8,22.2,11.5,9.3,14.1,,
Wisconsin,WI,2019,Total,28.5,26.5,30.5,15.7,13.6,18.2,,
Wisconsin,WI,2021,Female,46.1,41.9,50.4,24.6,19.9,30.0,,
Wisconsin,WI,2021,Male,21.7,19.4,24.1,11.7,9.2,14.7,,
Wisconsin,WI,2021,Total,33.7,30.9,36.6,18.1,15.3,21.2,,
Wisconsin,WI,2023,Female,45.0,41.3,48.7,23.6,19.8,27.8,,
Wisconsin,WI,2023,Male,24.9,20.3,30.1,13.5,9.9,18.1,,
Wisconsin,WI,2023,Total,35.0,31.8,38.3,18.6,16.1,21.3,,
West Virginia,WV,2011,Female,32.65,28.19,37.44,16.73,13.21,20.97,1091,1090
West Virginia,WV,2011,Male,16.78,13.9,20.11,9.59,7.66,11.95,1060,1062
West Virginia,WV,2011,Total,24.49,21.59,27.64,13.04,10.88,15.57,2161,2163
West Virginia,WV,2013,Female,35.33,31.64,39.2,20.48,16.95,24.52,949,947
West Virginia,WV,2013,Male,19.96,16.54,23.87,10.23,7.83,13.25,834,834
West Virginia,WV,2013,Total,27.54,24.95,30.28,15.38,12.99,18.11,1790,1788
West Virginia,WV,2015,Female,43.81,38.79,48.95,22.78,18.51,27.69,814,813
West Virginia,WV,2015,Male,22.38,18.53,26.77,14.79,12.85,16.97,788,787
West Virginia,WV,2015,Total,32.89,29.52,36.44,18.7,16.3,21.36,1608,1606
West Virginia,WV,2017,Female,39.23,34.94,43.7,20.67,17.51,24.24,745,762
West Virginia,WV,2017,Male,24.23,20.68,28.18,15.39,12.42,18.93,758,769
West Virginia,WV,2017,Total,32.0,28.58,35.62,18.46,15.55,21.77,1514,1546
West Virginia,WV,2019,Female,43.6,39.5,47.8,25.2,22.9,27.7,,
West Virginia,WV,2019,Male,29.5,26.5,32.6,16.6,13.8,20.0,,
West Virginia,WV,2019,Total,36.4,34.5,38.3,20.9,19.2,22.7,,
West Virginia,WV,2021,Female,63.6,53.3,72.8,37.9,31.2,45.2,,
West Virginia,WV,2021,Male,32.0,26.0,38.6,18.3,13.2,24.8,,
West Virginia,WV,2021,Total,47.5,41.1,54.0,27.8,23.5,32.7,,
West Virginia,WV,2023,Female,60.8,53.5,67.7,35.1,30.1,40.4,,
West Virginia,WV,2023,Male,29.7,25.0,34.9,15.8,11.8,20.8,,
West Virginia,WV,2023,Total,43.8,38.6,49.0,24.8,21.3,28.7,,
Wyoming,WY,2011,Female,30.01,27.35,32.82,20.19,17.93,22.65,1260,1269
Wyoming,WY,2011,Male,21.09,18.68,23.72,14.66,12.61,16.98,1197,1219
Wyoming,WY,2011,Total,25.5,23.66,27.43,17.43,15.89,19.09,2470,2502
Wyoming,WY,2013,Female,34.68,31.81,37.66,21.39,19.1,23.87,1554,1554
Wyoming,WY,2013,Male,19.9,17.87,22.1,11.98,10.26,13.95,1441,1438
Wyoming,WY,2013,Total,27.22,25.26,29.28,16.65,15.13,18.3,3008,3004
Wyoming,WY,2015,Female,39.06,35.33,42.92,24.68,21.32,28.38,1199,1197
Wyoming,WY,2015,Male,22.76,19.9,25.89,15.86,13.25,18.86,1198,1198
Wyoming,WY,2015,Total,30.79,28.26,33.44,20.3,18.09,22.71,2409,2406
