country_code,n_students,life_satisfaction_mean,life_satisfaction_se,life_satisfaction_n,ST034Q01TA_mean,ST034Q02TA_mean,ST034Q03TA_mean,ST034Q04TA_mean,ST034Q05TA_mean,ST034Q06TA_mean,IC177Q02JA_hours_mean,IC177Q05JA_hours_mean,IC178Q02JA_hours_mean,IC178Q05JA_hours_mean,sm_weekday_hours_mean,sm_weekend_hours_mean,gaming_weekday_hours_mean,IC181Q01JA_upset_pct,IC181Q02JA_upset_pct,IC181Q03JA_upset_pct,IC181Q04JA_upset_pct,math_pv1,read_pv1,science_pv1,escs_mean
ALB,6129,8.0123,0.0363,5618,3.3359,1.8483,1.8100,3.1342,2.0532,3.3949,3.2498,3.3359,3.1850,3.2546,3.3688,3.2742,2.9110,0.4949,0.5533,0.5494,0.5400,368.3522,358.4461,375.0737,-0.7515
ARE,24600,6.8499,0.0183,22758,2.9209,2.0725,2.1592,2.9091,2.0861,3.0531,,,,,,,,,,,,431.4969,417.8651,433.1028,0.2967
ARG,12111,6.6932,0.0277,11284,2.9212,2.0880,2.0338,2.9350,2.0505,3.0109,3.2494,2.5346,3.2878,2.5850,2.8960,2.9478,2.2838,0.3372,0.5282,0.4690,0.4236,377.9673,400.9234,404.2707,-0.8020
AUS,13437,,,0,2.9849,2.0912,2.2481,2.8952,2.0367,3.0686,2.7942,2.2038,3.1039,2.3210,2.5057,2.7168,2.1826,0.3649,0.6136,0.5024,0.4583,486.5538,498.2077,506.4354,0.3794
AUT,6151,6.6919,0.0327,6001,3.4570,1.8912,1.9684,3.3298,1.8117,3.4417,2.6812,2.3689,2.8576,2.5034,2.5427,2.6828,1.8118,0.3312,0.4916,0.3616,0.3122,487.5933,480.6046,490.4824,0.0691
BEL,8286,,,0,3.2878,1.9985,2.2469,3.1102,2.0111,3.3351,2.8485,2.0235,3.1130,2.1390,2.4406,2.6313,1.7891,0.3956,0.5495,0.4308,0.3939,489.8158,479.3044,490.2722,0.0829
BGR,6107,7.0415,0.0378,5830,2.9436,2.0209,2.1125,2.8855,2.1372,2.9988,2.9507,2.9541,2.9847,3.0021,2.9669,3.0088,2.4426,0.3012,0.4221,0.3974,0.3882,417.3804,404.1395,421.1828,-0.2722
BRA,10798,6.8486,0.0283,9976,3.0149,2.1584,2.0873,3.0265,2.1155,2.9075,3.1923,2.4728,3.2364,2.5194,2.8446,2.8910,2.1555,0.4781,0.6338,0.5118,0.4531,377.7994,411.5037,403.3983,-0.9915
BRN,5576,5.8567,0.0326,5345,2.8022,2.2094,2.4257,2.6066,2.4053,2.9571,2.8487,2.1289,3.2193,2.2947,2.4896,2.7555,2.6594,0.4826,0.5441,0.5321,0.4587,441.6473,429.7494,446.3329,-0.2573
CAN,23073,,,0,3.0632,2.0980,2.1928,2.8857,2.0162,3.0642,,,,,,,,,,,,496.9132,506.4927,513.9800,0.3811
CHE,6829,7.0631,0.0275,6527,3.4364,1.9615,1.9627,3.3292,1.8684,3.4562,2.4000,1.5332,2.7004,1.6671,1.9840,2.1950,1.6224,0.3472,0.4929,0.3157,0.2683,507.8677,482.6812,502.9022,0.1692
CHL,6488,6.4058,0.0349,5549,2.9931,2.2759,2.1548,2.9803,2.1398,2.9678,3.5859,2.6452,3.7112,2.7832,3.1187,3.2514,2.5727,0.3071,0.5668,0.4607,0.3818,412.1008,448.2297,444.5791,-0.5086
COL,7804,6.9619,0.0325,7259,3.0131,2.0584,1.9566,2.9651,2.0277,2.9888,,,,,,,,,,,,383.0817,408.2306,411.6925,-1.0651
CRI,6113,7.3176,0.0346,5338,3.0345,2.0665,1.9909,2.9782,2.0577,3.0353,3.0252,1.9299,3.1756,1.9734,2.4838,2.5774,2.0788,0.4472,0.6442,0.4729,0.2897,384.6003,415.3050,412.0731,
CZE,8460,6.5560,0.0288,8156,2.9213,2.1845,2.1998,2.9116,2.0596,3.0102,2.9537,1.7581,2.9518,1.6595,2.3818,2.3104,2.1733,0.5275,0.6089,0.5529,0.5004,487.3954,487.9718,498.1543,-0.1041
DEU,6116,6.5091,0.0351,5286,3.4163,2.1600,2.0277,3.3289,1.8946,3.4509,2.5749,1.6841,2.7926,1.8144,2.1402,2.3116,2.0152,0.3562,0.4511,0.2750,0.2465,474.8349,478.9783,492.0077,-0.1370
DNK,6200,7.1891,0.0281,5644,3.3595,2.0122,2.2214,3.2194,2.0096,3.3046,2.9302,2.4114,3.2022,2.6277,2.6727,2.9189,2.1227,0.3761,0.5878,0.4494,0.4095,488.4297,489.0096,492.7484,0.4761
DOM,6868,7.4382,0.0373,6008,2.7967,1.9917,1.9477,2.7924,2.0065,2.9102,2.6059,2.1821,2.6024,2.2096,2.4074,2.4153,1.8514,0.3931,0.4906,0.4344,0.3430,339.0533,352.0404,360.4958,-0.7097
ESP,30800,6.8831,0.0132,29588,3.3636,2.0152,1.8461,3.2169,1.9253,3.3585,2.6970,1.7474,3.0499,1.9466,2.2238,2.5051,1.5574,0.4038,0.6281,0.4664,0.3073,472.7548,474.4559,485.3499,-0.0332
EST,6392,6.9132,0.0294,6286,3.2025,2.1961,2.1025,3.0158,2.2237,3.1401,2.6157,2.4077,2.7298,2.5088,2.5113,2.6188,2.3123,0.3088,0.5578,0.4649,0.4610,510.2156,511.8158,524.9723,0.1507
FIN,10239,7.4079,0.0219,9828,3.3471,2.0480,2.0295,3.0839,2.1111,3.3035,2.7649,2.0913,2.8913,2.0488,2.4527,2.4754,2.1717,0.3383,0.4524,0.3446,0.3115,484.1578,491.3429,511.7094,0.2585
FRA,6770,6.7700,0.0284,6572,3.0076,1.9498,2.1525,3.0833,1.9911,3.2666,,,,,,,,,,,,473.7822,474.6580,487.1880,0.0002
GBR,12972,6.0711,0.0235,11270,3.0439,2.1389,2.3701,2.9092,2.0623,3.1387,2.9308,2.2105,3.2730,2.3309,2.5800,2.8042,2.3705,0.2122,0.4733,0.3726,0.3284,489.2421,494.5338,499.2048,0.1364
GEO,6583,7.6229,0.0336,6209,3.2172,2.0049,2.4826,3.0855,2.1835,3.1796,2.7904,2.6713,2.9234,2.7141,2.7559,2.8383,2.0388,0.4861,0.6149,0.5835,0.5770,390.0259,372.5948,384.5421,-0.4661
GRC,6403,6.6209,0.0312,6304,3.1115,2.1057,2.0681,3.0561,2.0433,3.2412,2.7495,2.2670,2.9432,2.3532,2.5307,2.6606,1.8692,0.3678,0.5796,0.4203,0.3354,430.8097,437.4291,441.1132,-0.1549
GTM,5190,7.7239,0.0366,4762,2.8990,2.0560,1.8860,2.9872,2.0432,2.9543,,,,,,,,,,,,344.0725,375.4245,373.2506,-1.5129
HKG,5907,6.4898,0.0295,5608,2.8629,2.1425,2.2873,2.8433,2.2658,2.9640,2.5487,2.1288,2.7638,2.1841,2.3412,2.4742,2.8427,0.4293,0.5458,0.4885,0.4995,539.6471,498.9919,520.7549,-0.4619
HRV,6135,7.3667,0.0304,6012,3.3012,1.9326,1.9824,3.2460,2.0827,3.3024,2.7603,2.2261,3.0180,2.3980,2.5000,2.7141,1.7729,0.3945,0.5551,0.5099,0.5446,462.9979,474.5157,482.7998,-0.1520
HUN,6198,7.2138,0.0294,5963,3.2776,1.9599,2.0297,3.2598,2.0142,3.3327,2.6492,2.4594,2.8881,2.5293,2.5621,2.7079,2.1941,0.2440,0.3258,0.3283,0.3454,473.5614,472.6233,485.4159,0.0030
IDN,13439,7.2237,0.0228,13189,3.0978,1.8984,1.9516,3.0921,2.2034,3.0450,,,,,,,,,,,,365.5994,358.7182,382.0195,-1.5558
IRL,5569,6.5854,0.0309,5507,3.1323,2.0616,2.2429,3.0037,2.0031,3.1458,2.7677,2.1262,3.1174,2.2660,2.4521,2.6935,1.7163,0.2421,0.4904,0.3750,0.3331,492.5491,517.1393,503.9256,0.3330
ISL,3360,6.9014,0.0443,3152,3.3077,2.0580,1.9953,3.1475,2.0043,3.2860,2.7949,1.9762,2.8571,1.8305,2.3950,2.3499,2.0184,0.3042,0.4029,0.3164,0.2720,457.6729,435.2060,447.8429,0.3781
ISR,6251,,,0,,,,,,,2.8820,1.6952,2.8628,1.6511,2.3005,2.2681,2.1175,0.4900,0.5895,0.4279,0.3352,457.7550,473.5163,464.6624,0.2800
ITA,10552,6.5295,0.0224,10415,3.2339,2.0617,2.3466,3.1171,2.1634,3.2494,2.9653,2.0917,2.9486,2.0882,2.5331,2.5220,1.8751,0.3354,0.5774,0.3981,0.3272,471.7855,482.5750,479.3267,-0.1002
JAM,3873,5.8318,0.0515,3395,2.8169,2.2042,2.1168,2.7791,2.0860,2.9210,,,,,,,,,,,,375.9689,408.2337,403.9175,-0.5503
JOR,7799,6.7673,0.0365,7319,2.8084,2.0122,2.0523,2.8476,2.0048,3.0637,2.7669,2.7393,2.6376,2.7117,2.7939,2.7098,2.3398,0.5226,0.5771,0.5799,0.5447,360.1368,342.5992,375.4328,-0.8165
JPN,5760,6.7588,0.0326,5728,3.4677,2.0199,1.8918,3.1906,1.9953,3.3663,1.9258,1.3728,2.6322,1.8259,1.6505,2.2294,1.6697,0.2708,0.3644,0.2906,0.1738,536.2711,516.1785,546.1168,-0.0068
KAZ,19769,8.4109,0.0152,19622,3.1007,2.0179,2.1558,2.9744,2.1633,3.0862,2.4216,2.4074,2.4171,2.3230,2.4186,2.3723,1.7585,0.2681,0.3195,0.3263,0.2979,425.5363,386.3397,423.2826,-0.3724
KHM,5279,7.6485,0.0336,5041,2.7976,2.1542,2.0936,2.7848,2.1377,2.8471,,,,,,,,,,,,335.4674,328.7627,346.4286,-2.0113
KOR,6454,6.3600,0.0305,6369,3.4448,2.0142,2.0491,3.3437,2.0351,3.4074,2.1776,1.8205,2.4043,1.9684,1.9978,2.1888,2.0459,0.4572,0.6732,0.6717,0.6138,527.6932,516.1467,526.8828,0.2244
KSV,6027,7.8655,0.0351,5763,3.2517,1.9581,1.8962,3.0221,2.1355,3.3422,,,,,,,,,,,,355.2717,341.9523,356.9711,-0.3432
LTU,7257,7.1407,0.0287,7090,3.2427,1.9734,2.2967,3.0411,2.1719,3.2099,2.7768,2.1195,2.8891,2.1998,2.4491,2.5501,2.3353,0.3350,0.5648,0.3901,0.3480,475.9628,471.5898,485.2116,0.0523
LVA,5373,6.7576,0.0322,5106,3.1264,2.1608,2.1261,2.8193,2.2745,3.0456,2.6457,2.0074,2.7266,2.0352,2.3321,2.3821,2.2355,0.3387,0.5034,0.4070,0.3774,483.0427,474.8809,493.2359,-0.0095
MAC,4384,6.4100,0.0335,4357,3.0174,2.1309,2.1163,2.8459,2.3091,2.9931,2.5043,2.0582,3.0081,2.3650,2.2849,2.6919,2.3702,0.4363,0.5603,0.5244,0.5467,551.5279,509.5080,543.0974,-0.4489
MAR,6867,6.7591,0.0387,5923,2.8684,2.0380,1.9922,2.9056,2.1299,2.9247,2.4124,2.1358,2.4113,2.1859,2.2854,2.3171,1.6175,0.4160,0.4654,0.5048,0.4105,365.3306,338.7020,364.6120,-1.7845
MDA,6235,7.0091,0.0343,6131,3.2274,1.9772,1.9926,3.0694,2.1239,3.0471,,,,,,,,,,,,414.5452,410.5986,415.6383,-0.5225
MEX,6288,7.2591,0.0320,6107,2.9565,2.1738,2.0478,2.9255,2.1258,2.9964,,,,,,,,,,,,394.5131,416.1155,409.8939,-0.9524
MKD,6610,7.6529,0.0341,6370,3.1518,1.8799,1.8952,3.2586,2.0602,3.2715,,,,,,,,,,,,388.4350,358.8292,380.5272,-0.2798
MLT,3127,6.2354,0.0480,2964,2.9384,2.1665,2.3419,2.8707,2.0784,3.1209,3.1649,2.7102,3.4839,2.9764,2.9476,3.2417,2.4619,0.4544,0.6188,0.5342,0.4927,466.3345,445.4714,466.5158,0.0192
MNE,5793,7.5249,0.0372,5702,3.2016,1.8294,1.8877,3.1345,1.9417,3.2701,,,,,,,,,,,,405.6285,405.5794,404.0357,-0.2055
MNG,6999,7.1975,0.0307,6912,3.1095,2.1174,2.0488,3.1301,2.3696,3.1023,,,,,,,,,,,,425.3575,377.4353,412.1021,-0.7291
MYS,7069,6.6343,0.0306,6832,3.0470,2.0031,2.1742,2.9403,2.2924,2.9802,2.6484,2.1383,2.6822,2.1574,2.3927,2.4189,2.3713,0.6458,0.6491,0.6418,0.6241,408.5534,388.5111,416.2460,-0.6849
NLD,5046,7.2903,0.0261,4716,3.3762,1.9854,2.2589,3.2150,1.9698,3.3836,,,,,,,,,,,,492.4124,460.7891,488.3485,0.2535
NOR,6611,,,0,3.4066,1.9357,2.0466,3.1777,2.0044,3.2979,,,,,,,,,,,,468.4883,477.2127,479.1004,0.5215
NZL,4682,6.2714,0.0363,4432,2.9651,2.1293,2.2991,2.8599,2.0799,3.0214,,,,,,,,,,,,477.8014,500.9850,505.0591,0.2191
PAN,4544,7.0366,0.0467,3348,2.9361,2.1488,2.0058,2.9019,2.0142,2.9682,2.0865,1.7235,2.6796,2.1106,1.9111,2.4087,1.4586,0.3113,0.4650,0.4176,0.3087,356.8109,392.4750,389.2815,-0.9468
PER,6968,6.3701,0.0336,6252,3.0643,2.1379,2.1103,2.9643,2.1293,3.0439,,,,,,,,,,,,391.0429,408.0365,408.1062,-1.1535
PHL,7193,6.9740,0.0331,6897,2.8508,1.9693,1.9655,2.7256,2.2160,2.8444,,,,,,,,,,,,354.0722,346.8150,354.6667,-1.3379
POL,6011,6.2563,0.0347,5903,2.8905,2.1830,2.3283,2.9077,2.1685,3.0204,2.5895,2.4027,2.9120,2.6584,2.5091,2.7897,2.1296,0.3900,0.5700,0.5397,0.5749,489.4254,488.6611,499.6189,-0.1051
PRT,6793,7.0561,0.0263,6658,3.3110,2.0622,2.0151,3.0862,1.9922,3.3476,,,,,,,,,,,,471.9577,478.6823,484.9907,-0.2264
PRY,5084,7.3238,0.0404,4684,2.8358,2.0444,1.8984,2.9318,2.0698,2.9703,,,,,,,,,,,,337.6746,373.2223,368.6968,-1.2449
PSE,7905,7.0850,0.0353,7420,2.8489,1.9899,2.0409,2.9029,1.9607,3.1032,,,,,,,,,,,,364.5852,348.5745,368.0245,-0.9119
QAT,7676,6.7691,0.0344,7004,2.9937,2.0653,2.2323,2.9474,1.9955,3.0475,,,,,,,,,,,,413.5232,418.9729,432.8322,0.1075
QAZ,7720,6.8028,0.0359,7249,2.9389,2.0228,2.0532,2.9309,2.0099,2.9427,,,,,,,,,,,,397.8110,364.7879,380.0881,-0.5093
QUR,3876,7.3476,0.0408,3528,3.1720,2.0067,1.9496,3.0489,2.1792,3.0434,2.9360,2.8939,2.9086,2.8583,2.9240,2.8895,2.2436,0.3021,0.4095,0.3654,0.3688,441.0481,426.8874,450.8446,-0.3511
ROU,7364,7.5300,0.0278,7230,3.1737,1.9138,2.5342,3.0665,2.0079,3.1613,2.9656,2.4967,3.3089,2.7202,2.7383,3.0086,2.1873,0.3883,0.5140,0.4613,0.4299,427.4340,427.3613,426.7359,-0.3621
SAU,6928,7.3648,0.0351,6669,3.1397,2.1544,2.1371,3.1448,1.9415,3.1751,3.0586,2.6748,2.9277,2.6959,2.8856,2.8266,2.1875,0.4153,0.4590,0.4575,0.3979,389.7737,382.6679,389.4665,-0.2896
SGP,6606,,,0,2.9997,2.0764,2.1775,2.9049,2.0936,3.0374,2.4919,1.8803,2.9335,2.0987,2.1887,2.5170,2.0599,,,,,575.0166,544.5135,561.4163,0.3064
SLV,6705,7.3952,0.0342,6433,2.8485,2.1027,1.9773,2.8378,2.1135,2.8668,,,,,,,,,,,,344.6216,366.5667,373.7974,-1.3916
SRB,6413,7.4780,0.0318,6322,3.2366,1.8630,1.9399,3.2028,1.8462,3.2828,,,,,,,,,,,,439.1854,441.8173,446.8486,-0.2024
SVK,5824,7.0168,0.0351,5572,2.9766,2.1045,2.1665,3.0135,2.1090,3.0536,3.0416,2.7859,3.0520,2.7288,2.9218,2.8986,2.2685,0.3598,0.4841,0.4241,0.4264,463.8688,447.6641,462.2048,-0.3030
SVN,6721,6.6077,0.0324,6375,3.2263,1.9277,2.0939,3.1304,2.1082,3.3176,2.5343,1.9645,2.6457,2.0125,2.2521,2.3367,1.6045,0.3784,0.5483,0.3840,0.3317,484.9903,468.9319,499.8433,0.2258
SWE,6072,6.9063,0.0316,5894,3.2638,2.0107,2.1843,3.1640,2.0484,3.2495,2.7195,2.2386,2.7812,2.3227,2.4844,2.5575,2.3774,0.3742,0.4099,0.3656,0.3563,481.3050,485.9486,493.3383,0.3266
TAP,5857,6.8465,0.0289,5796,3.3114,1.9667,1.9393,3.0517,2.2498,3.2062,2.4052,1.9434,3.0527,2.3637,2.1750,2.7095,2.4625,0.3305,0.4170,0.4025,0.4330,547.1268,515.5082,537.9982,-0.1854
THA,8495,7.1247,0.0260,8417,3.0438,1.9802,2.1471,2.6711,2.3504,3.0224,2.9910,2.7790,3.2486,2.9477,2.8887,3.0993,2.6372,0.5586,0.6327,0.6285,0.6243,394.2364,379.0716,409.9376,-1.2310
TUR,7250,4.8982,0.0344,7203,2.9428,2.1862,2.2202,2.8735,2.2374,2.8753,2.6979,1.9789,2.7647,2.0092,2.3406,2.3910,2.0878,0.3819,0.6476,0.5761,0.4579,453.5416,455.7168,476.8489,-1.1854
URY,6618,7.0350,0.0306,6388,3.0967,2.1146,1.9234,3.0715,1.6879,3.0711,3.4770,2.9735,3.4897,2.9592,3.2462,3.2423,2.4602,0.4172,0.6135,0.5391,0.4604,408.5049,430.5352,432.7886,-0.8329
USA,4552,,,0,2.9303,2.1293,2.2547,2.8556,2.0226,2.9938,2.9170,2.3435,3.2411,2.4563,2.6369,2.8511,2.3364,0.3698,0.5716,0.4561,0.4350,463.9778,505.4124,500.2591,0.0562
UZB,7293,8.1972,0.0316,6741,3.2101,1.7979,2.0793,3.0737,1.9566,3.1913,,,,,,,,,,,,364.5322,336.5101,355.2035,-0.6887
VNM,6068,7.3520,0.0260,5977,2.9457,1.9517,2.0533,2.7708,2.3278,3.0791,,,,,,,,,,,,469.9443,461.9952,473.4553,-1.2884
