country_code,gender,sm_category,sm_code,life_satisfaction_mean,life_satisfaction_se,n
ALB,female,None,1,7.9191,0.2105,159
ALB,female,<1hr,2,8.1192,0.1305,355
ALB,female,1-3hr,3,7.7767,0.1140,491
ALB,female,3-5hr,4,7.6255,0.1334,386
ALB,female,5-7hr,5,7.5236,0.1769,262
ALB,female,>7hr,6,7.4944,0.2161,187
ALB,male,None,1,8.5072,0.2631,108
ALB,male,<1hr,2,8.2491,0.1538,259
ALB,male,1-3hr,3,8.3999,0.1080,373
ALB,male,3-5hr,4,8.4344,0.1297,327
ALB,male,5-7hr,5,8.4535,0.1477,273
ALB,male,>7hr,6,8.7841,0.1584,205
ARG,female,None,1,5.7049,0.2466,198
ARG,female,<1hr,2,6.2787,0.1306,491
ARG,female,1-3hr,3,6.2998,0.0942,901
ARG,female,3-5hr,4,6.2313,0.0948,814
ARG,female,5-7hr,5,6.1735,0.1238,474
ARG,female,>7hr,6,5.7881,0.1423,496
ARG,male,None,1,7.1879,0.1725,288
ARG,male,<1hr,2,7.4432,0.1037,614
ARG,male,1-3hr,3,7.4926,0.0769,939
ARG,male,3-5hr,4,7.6047,0.0847,742
ARG,male,5-7hr,5,7.3460,0.1332,361
ARG,male,>7hr,6,7.6113,0.1277,376
AUS,female,None,1,,,0
AUS,female,<1hr,2,,,0
AUS,female,1-3hr,3,,,0
AUS,female,3-5hr,4,,,0
AUS,female,5-7hr,5,,,0
AUS,female,>7hr,6,,,0
AUS,male,None,1,,,0
AUS,male,<1hr,2,,,0
AUS,male,1-3hr,3,,,0
AUS,male,3-5hr,4,,,0
AUS,male,5-7hr,5,,,0
AUS,male,>7hr,6,,,0
AUT,female,None,1,6.5771,0.2565,106
AUT,female,<1hr,2,6.6649,0.1317,344
AUT,female,1-3hr,3,6.4201,0.0684,1133
AUT,female,3-5hr,4,6.0479,0.0912,657
AUT,female,5-7hr,5,5.8024,0.1444,261
AUT,female,>7hr,6,5.2620,0.2485,140
AUT,male,None,1,7.4974,0.2013,178
AUT,male,<1hr,2,7.2731,0.1066,533
AUT,male,1-3hr,3,7.2037,0.0703,1089
AUT,male,3-5hr,4,6.9924,0.1098,519
AUT,male,5-7hr,5,6.6662,0.1954,187
AUT,male,>7hr,6,6.6548,0.2968,103
BEL,female,None,1,,,0
BEL,female,<1hr,2,,,0
BEL,female,1-3hr,3,,,0
BEL,female,3-5hr,4,,,0
BEL,female,5-7hr,5,,,0
BEL,female,>7hr,6,,,0
BEL,male,None,1,,,0
BEL,male,<1hr,2,,,0
BEL,male,1-3hr,3,,,0
BEL,male,3-5hr,4,,,0
BEL,male,5-7hr,5,,,0
BEL,male,>7hr,6,,,0
BGR,female,None,1,6.7262,0.3189,99
BGR,female,<1hr,2,6.9583,0.1466,341
BGR,female,1-3hr,3,6.7945,0.1038,630
BGR,female,3-5hr,4,6.6124,0.1263,426
BGR,female,5-7hr,5,6.5551,0.1895,254
BGR,female,>7hr,6,6.7875,0.2043,192
BGR,male,None,1,6.6456,0.2206,212
BGR,male,<1hr,2,7.4922,0.1202,445
BGR,male,1-3hr,3,7.3711,0.1018,636
BGR,male,3-5hr,4,7.6958,0.1324,372
BGR,male,5-7hr,5,7.5134,0.1849,235
BGR,male,>7hr,6,8.1706,0.1933,194
BRA,female,None,1,6.2739,0.1979,254
BRA,female,<1hr,2,6.3518,0.1374,469
BRA,female,1-3hr,3,6.4756,0.0846,897
BRA,female,3-5hr,4,6.3910,0.0938,707
BRA,female,5-7hr,5,6.5065,0.1191,443
BRA,female,>7hr,6,6.1365,0.1352,504
BRA,male,None,1,6.9354,0.1515,419
BRA,male,<1hr,2,7.3220,0.1134,561
BRA,male,1-3hr,3,7.2660,0.0872,845
BRA,male,3-5hr,4,7.4472,0.0946,633
BRA,male,5-7hr,5,7.1483,0.1365,373
BRA,male,>7hr,6,7.3010,0.1535,365
BRN,female,None,1,5.3747,0.1588,249
BRN,female,<1hr,2,5.4061,0.0987,505
BRN,female,1-3hr,3,5.7023,0.0850,678
BRN,female,3-5hr,4,5.4803,0.0978,524
BRN,female,5-7hr,5,4.9983,0.1356,298
BRN,female,>7hr,6,5.0187,0.1437,305
BRN,male,None,1,6.0235,0.1386,337
BRN,male,<1hr,2,6.3347,0.0932,605
BRN,male,1-3hr,3,6.4040,0.0888,666
BRN,male,3-5hr,4,6.2170,0.1152,426
BRN,male,5-7hr,5,6.4245,0.1534,234
BRN,male,>7hr,6,6.3196,0.1490,283
CHE,female,None,1,7.0964,0.1976,127
CHE,female,<1hr,2,6.8159,0.1040,453
CHE,female,1-3hr,3,6.6567,0.0581,1299
CHE,female,3-5hr,4,6.2447,0.0923,533
CHE,female,5-7hr,5,5.9947,0.1509,215
CHE,female,>7hr,6,5.9118,0.2417,119
CHE,male,None,1,7.9102,0.1576,178
CHE,male,<1hr,2,7.6328,0.0776,666
CHE,male,1-3hr,3,7.5225,0.0569,1225
CHE,male,3-5hr,4,7.3957,0.0959,492
CHE,male,5-7hr,5,7.3044,0.1878,160
CHE,male,>7hr,6,7.7656,0.2329,111
CHL,female,None,1,5.6649,0.4556,56
CHL,female,<1hr,2,5.6945,0.1769,230
CHL,female,1-3hr,3,6.0587,0.1025,592
CHL,female,3-5hr,4,5.9282,0.0967,582
CHL,female,5-7hr,5,5.6592,0.1169,416
CHL,female,>7hr,6,5.4353,0.1534,340
CHL,male,None,1,7.0623,0.3239,72
CHL,male,<1hr,2,7.0774,0.1258,397
CHL,male,1-3hr,3,7.1559,0.0865,719
CHL,male,3-5hr,4,7.0735,0.0906,636
CHL,male,5-7hr,5,6.8670,0.1406,289
CHL,male,>7hr,6,6.6644,0.1882,214
CRI,female,None,1,7.0652,0.2523,144
CRI,female,<1hr,2,7.2874,0.1225,439
CRI,female,1-3hr,3,7.2155,0.0923,668
CRI,female,3-5hr,4,6.5796,0.1056,550
CRI,female,5-7hr,5,6.3757,0.1519,303
CRI,female,>7hr,6,6.0338,0.1555,319
CRI,male,None,1,7.9731,0.1663,188
CRI,male,<1hr,2,7.8641,0.0963,594
CRI,male,1-3hr,3,7.8096,0.0850,701
CRI,male,3-5hr,4,7.8772,0.0951,506
CRI,male,5-7hr,5,7.3090,0.1620,218
CRI,male,>7hr,6,7.5738,0.1713,220
CZE,female,None,1,6.1926,0.2567,106
CZE,female,<1hr,2,6.1622,0.1092,544
CZE,female,1-3hr,3,6.3286,0.0625,1416
CZE,female,3-5hr,4,5.7266,0.0816,944
CZE,female,5-7hr,5,5.4021,0.1316,420
CZE,female,>7hr,6,5.1301,0.2041,230
CZE,male,None,1,7.0419,0.2007,206
CZE,male,<1hr,2,7.3213,0.0808,816
CZE,male,1-3hr,3,7.3299,0.0595,1255
CZE,male,3-5hr,4,6.8831,0.0986,694
CZE,male,5-7hr,5,7.1344,0.1403,328
CZE,male,>7hr,6,6.8093,0.1963,250
DEU,female,None,1,6.1298,0.2475,130
DEU,female,<1hr,2,6.3160,0.1314,339
DEU,female,1-3hr,3,5.9877,0.0737,1002
DEU,female,3-5hr,4,5.6903,0.1103,536
DEU,female,5-7hr,5,5.2787,0.2014,187
DEU,female,>7hr,6,5.3636,0.2748,120
DEU,male,None,1,6.9441,0.1790,210
DEU,male,<1hr,2,7.2970,0.0996,541
DEU,male,1-3hr,3,7.1937,0.0749,919
DEU,male,3-5hr,4,6.9553,0.1100,437
DEU,male,5-7hr,5,7.0753,0.2092,167
DEU,male,>7hr,6,6.8334,0.2878,118
DNK,female,None,1,6.2215,0.3779,43
DNK,female,<1hr,2,6.9032,0.1497,210
DNK,female,1-3hr,3,6.8504,0.0690,892
DNK,female,3-5hr,4,6.5807,0.0763,779
DNK,female,5-7hr,5,6.7738,0.1108,330
DNK,female,>7hr,6,6.2720,0.2197,124
DNK,male,None,1,7.4837,0.2225,97
DNK,male,<1hr,2,7.6166,0.0899,460
DNK,male,1-3hr,3,7.7319,0.0555,1021
DNK,male,3-5hr,4,7.5071,0.0809,530
DNK,male,5-7hr,5,7.8457,0.1304,208
DNK,male,>7hr,6,7.8854,0.2118,96
DOM,female,None,1,6.9514,0.1833,295
DOM,female,<1hr,2,7.1568,0.1230,528
DOM,female,1-3hr,3,7.1378,0.1268,476
DOM,female,3-5hr,4,7.3013,0.1336,382
DOM,female,5-7hr,5,6.6004,0.2172,199
DOM,female,>7hr,6,6.9784,0.1846,270
DOM,male,None,1,7.2784,0.1794,317
DOM,male,<1hr,2,7.8614,0.1239,477
DOM,male,1-3hr,3,8.1167,0.1182,405
DOM,male,3-5hr,4,7.9156,0.1419,293
DOM,male,5-7hr,5,8.2051,0.1697,201
DOM,male,>7hr,6,8.4004,0.1854,189
ESP,female,None,1,6.3397,0.1215,432
ESP,female,<1hr,2,6.5921,0.0537,1885
ESP,female,1-3hr,3,6.6180,0.0275,5917
ESP,female,3-5hr,4,6.4256,0.0377,3283
ESP,female,5-7hr,5,6.1259,0.0632,1308
ESP,female,>7hr,6,5.8463,0.0990,723
ESP,male,None,1,7.0398,0.0860,875
ESP,male,<1hr,2,7.4051,0.0384,3066
ESP,male,1-3hr,3,7.3888,0.0252,5706
ESP,male,3-5hr,4,7.3586,0.0422,2508
ESP,male,5-7hr,5,7.3186,0.0712,896
ESP,male,>7hr,6,7.0682,0.1178,556
EST,female,None,1,6.7054,0.2993,77
EST,female,<1hr,2,6.4766,0.1089,478
EST,female,1-3hr,3,6.5217,0.0631,1141
EST,female,3-5hr,4,6.4598,0.0848,684
EST,female,5-7hr,5,5.8896,0.1423,282
EST,female,>7hr,6,5.8942,0.2132,144
EST,male,None,1,7.2616,0.1750,212
EST,male,<1hr,2,7.5657,0.0760,741
EST,male,1-3hr,3,7.4776,0.0617,1068
EST,male,3-5hr,4,7.1826,0.1066,523
EST,male,5-7hr,5,7.4884,0.1695,209
EST,male,>7hr,6,7.3518,0.2491,115
FIN,female,None,1,6.8929,0.2284,107
FIN,female,<1hr,2,7.0452,0.1023,471
FIN,female,1-3hr,3,6.9915,0.0506,1659
FIN,female,3-5hr,4,6.8026,0.0618,1120
FIN,female,5-7hr,5,6.3600,0.1055,462
FIN,female,>7hr,6,5.6408,0.1858,197
FIN,male,None,1,7.8741,0.1424,244
FIN,male,<1hr,2,8.1074,0.0619,819
FIN,male,1-3hr,3,8.2003,0.0398,1665
FIN,male,3-5hr,4,7.8135,0.0674,845
FIN,male,5-7hr,5,8.0436,0.1172,312
FIN,male,>7hr,6,7.5622,0.2112,144
GBR,female,None,1,5.5156,0.1799,203
GBR,female,<1hr,2,6.1794,0.0916,644
GBR,female,1-3hr,3,5.8717,0.0557,1649
GBR,female,3-5hr,4,5.4897,0.0656,1298
GBR,female,5-7hr,5,5.2648,0.1014,626
GBR,female,>7hr,6,4.7685,0.1202,435
GBR,male,None,1,6.4937,0.1476,319
GBR,male,<1hr,2,6.5615,0.0774,904
GBR,male,1-3hr,3,6.6471,0.0553,1752
GBR,male,3-5hr,4,6.3481,0.0735,1035
GBR,male,5-7hr,5,6.4174,0.1134,461
GBR,male,>7hr,6,6.1950,0.1679,311
GEO,female,None,1,7.5306,0.2370,137
GEO,female,<1hr,2,7.5400,0.1391,315
GEO,female,1-3hr,3,7.4350,0.0991,601
GEO,female,3-5hr,4,7.0675,0.1311,384
GEO,female,5-7hr,5,7.0969,0.1758,209
GEO,female,>7hr,6,6.6823,0.2379,168
GEO,male,None,1,8.2531,0.1852,193
GEO,male,<1hr,2,7.9420,0.1235,421
GEO,male,1-3hr,3,7.9230,0.0982,570
GEO,male,3-5hr,4,7.7290,0.1359,326
GEO,male,5-7hr,5,7.9096,0.1949,190
GEO,male,>7hr,6,8.3307,0.1855,145
GRC,female,None,1,6.0114,0.2446,121
GRC,female,<1hr,2,6.4328,0.1096,479
GRC,female,1-3hr,3,6.2324,0.0676,1070
GRC,female,3-5hr,4,5.9415,0.0911,662
GRC,female,5-7hr,5,5.9373,0.1475,285
GRC,female,>7hr,6,5.8472,0.2074,209
GRC,male,None,1,7.3513,0.2139,163
GRC,male,<1hr,2,7.1037,0.0952,608
GRC,male,1-3hr,3,7.0875,0.0666,1076
GRC,male,3-5hr,4,7.0719,0.1065,497
GRC,male,5-7hr,5,7.3388,0.1769,211
GRC,male,>7hr,6,7.2126,0.2151,175
HKG,female,None,1,6.3899,0.2179,120
HKG,female,<1hr,2,6.2418,0.0855,562
HKG,female,1-3hr,3,6.5109,0.0588,1034
HKG,female,3-5hr,4,6.2392,0.0839,554
HKG,female,5-7hr,5,6.3620,0.1490,222
HKG,female,>7hr,6,5.4126,0.2166,146
HKG,male,None,1,6.4482,0.1844,208
HKG,male,<1hr,2,6.8271,0.0796,723
HKG,male,1-3hr,3,6.6168,0.0675,931
HKG,male,3-5hr,4,6.6541,0.1091,469
HKG,male,5-7hr,5,6.7731,0.1835,211
HKG,male,>7hr,6,6.6911,0.2111,171
HRV,female,None,1,6.3695,0.3006,95
HRV,female,<1hr,2,6.9766,0.1126,429
HRV,female,1-3hr,3,6.9547,0.0677,1062
HRV,female,3-5hr,4,6.6860,0.0928,656
HRV,female,5-7hr,5,6.4899,0.1324,326
HRV,female,>7hr,6,6.5205,0.1984,195
HRV,male,None,1,7.7172,0.1994,179
HRV,male,<1hr,2,8.0126,0.0855,557
HRV,male,1-3hr,3,7.9315,0.0614,1018
HRV,male,3-5hr,4,7.9669,0.0870,547
HRV,male,5-7hr,5,7.7656,0.1651,198
HRV,male,>7hr,6,7.3606,0.2699,115
HUN,female,None,1,6.7408,0.2780,89
HUN,female,<1hr,2,6.8886,0.1116,458
HUN,female,1-3hr,3,6.8606,0.0631,1123
HUN,female,3-5hr,4,6.4865,0.0907,624
HUN,female,5-7hr,5,6.5654,0.1370,273
HUN,female,>7hr,6,6.2205,0.1855,204
HUN,male,None,1,7.3647,0.1774,199
HUN,male,<1hr,2,7.8446,0.0717,752
HUN,male,1-3hr,3,7.7426,0.0624,1017
HUN,male,3-5hr,4,7.6650,0.0913,453
HUN,male,5-7hr,5,7.8091,0.1501,187
HUN,male,>7hr,6,8.2250,0.2047,126
IRL,female,None,1,5.8926,0.3575,53
IRL,female,<1hr,2,6.6093,0.1270,321
IRL,female,1-3hr,3,6.5913,0.0648,1072
IRL,female,3-5hr,4,5.9612,0.0859,693
IRL,female,5-7hr,5,6.1012,0.1384,301
IRL,female,>7hr,6,5.2856,0.2146,162
IRL,male,None,1,6.9273,0.1953,118
IRL,male,<1hr,2,7.0614,0.0963,528
IRL,male,1-3hr,3,6.9474,0.0613,1176
IRL,male,3-5hr,4,6.7314,0.0986,491
IRL,male,5-7hr,5,6.6612,0.2038,163
IRL,male,>7hr,6,6.2387,0.3107,84
ISL,female,None,1,5.6654,0.4627,42
ISL,female,<1hr,2,6.6463,0.1884,145
ISL,female,1-3hr,3,6.6226,0.0976,515
ISL,female,3-5hr,4,6.4768,0.1170,410
ISL,female,5-7hr,5,6.0244,0.2172,150
ISL,female,>7hr,6,4.7792,0.3279,61
ISL,male,None,1,7.5322,0.2575,95
ISL,male,<1hr,2,7.3100,0.1445,274
ISL,male,1-3hr,3,7.7763,0.0918,463
ISL,male,3-5hr,4,7.3676,0.1381,294
ISL,male,5-7hr,5,7.1927,0.2516,109
ISL,male,>7hr,6,6.8003,0.6084,33
ISR,female,None,1,,,0
ISR,female,<1hr,2,,,0
ISR,female,1-3hr,3,,,0
ISR,female,3-5hr,4,,,0
ISR,female,5-7hr,5,,,0
ISR,female,>7hr,6,,,0
ISR,male,None,1,,,0
ISR,male,<1hr,2,,,0
ISR,male,1-3hr,3,,,0
ISR,male,3-5hr,4,,,0
ISR,male,5-7hr,5,,,0
ISR,male,>7hr,6,,,0
ITA,female,None,1,5.5776,0.2254,141
ITA,female,<1hr,2,6.3645,0.0912,631
ITA,female,1-3hr,3,6.1628,0.0490,1978
ITA,female,3-5hr,4,6.0445,0.0627,1223
ITA,female,5-7hr,5,5.9197,0.1127,493
ITA,female,>7hr,6,5.8785,0.1465,316
ITA,male,None,1,7.3111,0.1601,302
ITA,male,<1hr,2,7.1697,0.0684,928
ITA,male,1-3hr,3,7.0561,0.0448,1836
ITA,male,3-5hr,4,6.8373,0.0714,877
ITA,male,5-7hr,5,6.7967,0.1186,364
ITA,male,>7hr,6,6.5069,0.1785,206
JOR,female,None,1,6.1647,0.1602,429
JOR,female,<1hr,2,6.7514,0.1148,663
JOR,female,1-3hr,3,6.8545,0.1016,754
JOR,female,3-5hr,4,6.8234,0.1182,530
JOR,female,5-7hr,5,6.6427,0.1605,347
JOR,female,>7hr,6,6.6843,0.1918,255
JOR,male,None,1,6.7980,0.1967,306
JOR,male,<1hr,2,6.6242,0.1533,444
JOR,male,1-3hr,3,7.2520,0.1462,414
JOR,male,3-5hr,4,7.1224,0.1479,389
JOR,male,5-7hr,5,6.9231,0.1858,294
JOR,male,>7hr,6,7.2824,0.2151,223
JPN,female,None,1,6.6150,0.1528,284
JPN,female,<1hr,2,6.6342,0.0943,639
JPN,female,1-3hr,3,6.5735,0.0653,1312
JPN,female,3-5hr,4,6.4795,0.1239,403
JPN,female,5-7hr,5,6.3293,0.2361,137
JPN,female,>7hr,6,5.8627,0.2759,90
JPN,male,None,1,7.0301,0.1101,492
JPN,male,<1hr,2,6.9505,0.0857,811
JPN,male,1-3hr,3,7.0592,0.0745,1027
JPN,male,3-5hr,4,6.6949,0.1656,272
JPN,male,5-7hr,5,6.9593,0.2315,107
JPN,male,>7hr,6,6.8058,0.3300,91
KAZ,female,None,1,7.8872,0.1214,462
KAZ,female,<1hr,2,8.5293,0.0476,1939
KAZ,female,1-3hr,3,8.3350,0.0343,3425
KAZ,female,3-5hr,4,7.8621,0.0520,1862
KAZ,female,5-7hr,5,7.5916,0.0882,733
KAZ,female,>7hr,6,7.7297,0.1062,574
KAZ,male,None,1,8.5354,0.0837,840
KAZ,male,<1hr,2,8.8493,0.0373,2552
KAZ,male,1-3hr,3,8.7073,0.0314,3463
KAZ,male,3-5hr,4,8.5163,0.0516,1468
KAZ,male,5-7hr,5,8.5681,0.0849,619
KAZ,male,>7hr,6,8.5765,0.1026,482
KOR,female,None,1,5.9922,0.1804,204
KOR,female,<1hr,2,6.1125,0.0956,620
KOR,female,1-3hr,3,6.1629,0.0633,1251
KOR,female,3-5hr,4,5.7565,0.0947,595
KOR,female,5-7hr,5,5.7860,0.1824,159
KOR,female,>7hr,6,5.2272,0.2450,103
KOR,male,None,1,6.7151,0.1122,492
KOR,male,<1hr,2,6.7620,0.0848,754
KOR,male,1-3hr,3,6.6850,0.0722,1105
KOR,male,3-5hr,4,6.8125,0.1064,495
KOR,male,5-7hr,5,6.4248,0.2259,162
KOR,male,>7hr,6,6.5844,0.3188,86
LTU,female,None,1,6.8696,0.2934,100
LTU,female,<1hr,2,6.8403,0.1032,532
LTU,female,1-3hr,3,6.7249,0.0688,1153
LTU,female,3-5hr,4,6.6875,0.0810,814
LTU,female,5-7hr,5,6.3149,0.1196,389
LTU,female,>7hr,6,6.0552,0.1829,248
LTU,male,None,1,7.2992,0.1516,289
LTU,male,<1hr,2,7.7086,0.0758,803
LTU,male,1-3hr,3,7.7806,0.0632,1064
LTU,male,3-5hr,4,7.6372,0.0924,584
LTU,male,5-7hr,5,7.6959,0.1541,232
LTU,male,>7hr,6,7.5895,0.2070,167
LVA,female,None,1,6.5921,0.2756,84
LVA,female,<1hr,2,6.5625,0.1235,337
LVA,female,1-3hr,3,6.5945,0.0724,908
LVA,female,3-5hr,4,6.2860,0.0826,694
LVA,female,5-7hr,5,6.1001,0.1470,232
LVA,female,>7hr,6,5.1915,0.2188,149
LVA,male,None,1,6.8238,0.1830,189
LVA,male,<1hr,2,7.3143,0.0890,569
LVA,male,1-3hr,3,7.2546,0.0707,882
LVA,male,3-5hr,4,7.1080,0.1054,436
LVA,male,5-7hr,5,6.7291,0.2123,146
LVA,male,>7hr,6,6.8261,0.3106,86
MAC,female,None,1,5.8303,0.4625,23
MAC,female,<1hr,2,6.1820,0.0963,513
MAC,female,1-3hr,3,6.3344,0.0688,908
MAC,female,3-5hr,4,6.0184,0.1128,379
MAC,female,5-7hr,5,5.8752,0.1682,167
MAC,female,>7hr,6,5.6869,0.2337,108
MAC,male,None,1,6.4602,0.2888,86
MAC,male,<1hr,2,6.7338,0.0888,616
MAC,male,1-3hr,3,6.6174,0.0724,860
MAC,male,3-5hr,4,6.7527,0.1117,373
MAC,male,5-7hr,5,6.4665,0.1914,157
MAC,male,>7hr,6,6.6375,0.2370,126
MAR,female,None,1,6.1232,0.1426,482
MAR,female,<1hr,2,6.8467,0.1319,506
MAR,female,1-3hr,3,6.7337,0.1132,636
MAR,female,3-5hr,4,6.4951,0.1422,402
MAR,female,5-7hr,5,6.2426,0.2101,214
MAR,female,>7hr,6,6.3779,0.1990,242
MAR,male,None,1,6.5484,0.1450,495
MAR,male,<1hr,2,7.0035,0.1188,564
MAR,male,1-3hr,3,7.1679,0.1128,584
MAR,male,3-5hr,4,7.2755,0.1426,381
MAR,male,5-7hr,5,7.4149,0.1779,242
MAR,male,>7hr,6,7.0945,0.1919,241
MLT,female,None,1,5.1490,0.4169,56
MLT,female,<1hr,2,5.8669,0.2116,172
MLT,female,1-3hr,3,6.0638,0.1037,435
MLT,female,3-5hr,4,5.8484,0.1305,303
MLT,female,5-7hr,5,5.8635,0.1840,188
MLT,female,>7hr,6,5.3950,0.2407,143
MLT,male,None,1,6.1281,0.3022,87
MLT,male,<1hr,2,6.6706,0.1579,260
MLT,male,1-3hr,3,6.7728,0.1283,337
MLT,male,3-5hr,4,6.5235,0.1594,255
MLT,male,5-7hr,5,6.6209,0.2326,148
MLT,male,>7hr,6,6.4974,0.2993,109
MYS,female,None,1,6.1456,0.1752,275
MYS,female,<1hr,2,6.3204,0.0935,731
MYS,female,1-3hr,3,6.4409,0.0707,1060
MYS,female,3-5hr,4,6.1403,0.0897,668
MYS,female,5-7hr,5,6.3815,0.1418,298
MYS,female,>7hr,6,6.0614,0.1611,276
MYS,male,None,1,6.7642,0.1499,354
MYS,male,<1hr,2,7.0047,0.0935,753
MYS,male,1-3hr,3,7.0701,0.0793,858
MYS,male,3-5hr,4,7.0146,0.1029,571
MYS,male,5-7hr,5,7.1038,0.1357,301
MYS,male,>7hr,6,6.9941,0.1736,254
PAN,female,None,1,6.4854,0.1648,303
PAN,female,<1hr,2,6.9176,0.1471,324
PAN,female,1-3hr,3,6.6490,0.1468,265
PAN,female,3-5hr,4,6.7705,0.2063,150
PAN,female,5-7hr,5,6.6576,0.2896,96
PAN,female,>7hr,6,6.4175,0.2689,127
PAN,male,None,1,7.1994,0.1603,310
PAN,male,<1hr,2,7.1180,0.1324,353
PAN,male,1-3hr,3,7.4524,0.1409,290
PAN,male,3-5hr,4,7.4246,0.1760,154
PAN,male,5-7hr,5,7.7187,0.2230,106
PAN,male,>7hr,6,6.8549,0.3049,104
POL,female,None,1,5.7880,0.2819,98
POL,female,<1hr,2,5.7041,0.1185,477
POL,female,1-3hr,3,5.7617,0.0776,972
POL,female,3-5hr,4,5.5714,0.0958,614
POL,female,5-7hr,5,5.4897,0.1579,288
POL,female,>7hr,6,5.4881,0.2507,147
POL,male,None,1,6.4002,0.1951,233
POL,male,<1hr,2,6.9733,0.0975,690
POL,male,1-3hr,3,6.8440,0.0816,828
POL,male,3-5hr,4,6.8824,0.1208,418
POL,male,5-7hr,5,6.8204,0.2018,178
POL,male,>7hr,6,6.5192,0.2963,120
QUR,female,None,1,6.2195,0.3809,55
QUR,female,<1hr,2,7.1770,0.1596,238
QUR,female,1-3hr,3,7.2111,0.0943,509
QUR,female,3-5hr,4,6.9821,0.1222,392
QUR,female,5-7hr,5,6.9102,0.2124,157
QUR,female,>7hr,6,6.9652,0.2195,141
QUR,male,None,1,7.2451,0.2612,104
QUR,male,<1hr,2,7.7780,0.1284,315
QUR,male,1-3hr,3,7.6586,0.0957,477
QUR,male,3-5hr,4,7.6929,0.1343,296
QUR,male,5-7hr,5,7.7377,0.2214,137
QUR,male,>7hr,6,7.5475,0.2950,94
ROU,female,None,1,7.4605,0.2243,156
ROU,female,<1hr,2,7.4272,0.0970,583
ROU,female,1-3hr,3,7.1811,0.0698,1088
ROU,female,3-5hr,4,6.9280,0.0893,688
ROU,female,5-7hr,5,7.2187,0.1190,401
ROU,female,>7hr,6,6.9614,0.1513,322
ROU,male,None,1,7.5240,0.1984,196
ROU,male,<1hr,2,7.8959,0.0803,707
ROU,male,1-3hr,3,7.8370,0.0642,1005
ROU,male,3-5hr,4,7.8722,0.0875,564
ROU,male,5-7hr,5,7.9713,0.1162,306
ROU,male,>7hr,6,7.9228,0.1504,276
SAU,female,None,1,7.0435,0.1617,358
SAU,female,<1hr,2,7.4831,0.1220,508
SAU,female,1-3hr,3,7.4305,0.0982,714
SAU,female,3-5hr,4,7.5374,0.1105,567
SAU,female,5-7hr,5,7.3898,0.1400,359
SAU,female,>7hr,6,6.7073,0.1609,386
SAU,male,None,1,7.6323,0.1714,302
SAU,male,<1hr,2,7.5692,0.1453,365
SAU,male,1-3hr,3,7.6459,0.1236,471
SAU,male,3-5hr,4,7.6581,0.1213,421
SAU,male,5-7hr,5,7.4548,0.1654,275
SAU,male,>7hr,6,7.7265,0.1906,215
SGP,female,None,1,,,0
SGP,female,<1hr,2,,,0
SGP,female,1-3hr,3,,,0
SGP,female,3-5hr,4,,,0
SGP,female,5-7hr,5,,,0
SGP,female,>7hr,6,,,0
SGP,male,None,1,,,0
SGP,male,<1hr,2,,,0
SGP,male,1-3hr,3,,,0
SGP,male,3-5hr,4,,,0
SGP,male,5-7hr,5,,,0
SGP,male,>7hr,6,,,0
SVK,female,None,1,6.6465,0.2413,129
SVK,female,<1hr,2,6.6374,0.1405,327
SVK,female,1-3hr,3,6.4728,0.0882,758
SVK,female,3-5hr,4,6.3560,0.1054,546
SVK,female,5-7hr,5,6.1270,0.1474,307
SVK,female,>7hr,6,6.1622,0.1910,228
SVK,male,None,1,7.1791,0.1854,234
SVK,male,<1hr,2,7.5842,0.1159,489
SVK,male,1-3hr,3,7.5760,0.0806,762
SVK,male,3-5hr,4,7.7026,0.0984,529
SVK,male,5-7hr,5,7.6143,0.1556,297
SVK,male,>7hr,6,7.5006,0.2174,186
SVN,female,None,1,5.3197,0.3116,94
SVN,female,<1hr,2,6.3465,0.1082,508
SVN,female,1-3hr,3,6.0437,0.0706,1132
SVN,female,3-5hr,4,5.8439,0.0921,709
SVN,female,5-7hr,5,5.7174,0.1533,300
SVN,female,>7hr,6,5.2584,0.2506,139
SVN,male,None,1,7.0405,0.1988,223
SVN,male,<1hr,2,7.3443,0.0867,762
SVN,male,1-3hr,3,7.3012,0.0702,1084
SVN,male,3-5hr,4,7.0562,0.1037,587
SVN,male,5-7hr,5,7.3802,0.1694,215
SVN,male,>7hr,6,7.3058,0.2792,125
SWE,female,None,1,5.9242,0.3423,74
SWE,female,<1hr,2,6.4732,0.1310,368
SWE,female,1-3hr,3,6.5300,0.0703,1006
SWE,female,3-5hr,4,6.4658,0.0873,665
SWE,female,5-7hr,5,5.9461,0.1435,298
SWE,female,>7hr,6,5.8655,0.2406,122
SWE,male,None,1,7.1053,0.2081,165
SWE,male,<1hr,2,7.4898,0.0878,592
SWE,male,1-3hr,3,7.4937,0.0690,946
SWE,male,3-5hr,4,7.5309,0.0938,516
SWE,male,5-7hr,5,7.6544,0.1583,194
SWE,male,>7hr,6,6.8583,0.2873,97
TAP,female,None,1,6.3313,0.2143,133
TAP,female,<1hr,2,6.4848,0.0833,642
TAP,female,1-3hr,3,6.5761,0.0599,1084
TAP,female,3-5hr,4,6.3018,0.0938,483
TAP,female,5-7hr,5,6.4651,0.1391,246
TAP,female,>7hr,6,5.9011,0.1925,164
TAP,male,None,1,7.4697,0.1688,222
TAP,male,<1hr,2,7.0557,0.0742,838
TAP,male,1-3hr,3,7.3172,0.0639,1001
TAP,male,3-5hr,4,7.1785,0.1107,420
TAP,male,5-7hr,5,7.2793,0.1703,178
TAP,male,>7hr,6,7.2621,0.1998,198
THA,female,None,1,7.0975,0.1397,318
THA,female,<1hr,2,7.1133,0.0834,757
THA,female,1-3hr,3,6.9276,0.0615,1270
THA,female,3-5hr,4,6.9184,0.0738,922
THA,female,5-7hr,5,6.8147,0.0999,539
THA,female,>7hr,6,6.5858,0.1240,437
THA,male,None,1,7.1064,0.1512,334
THA,male,<1hr,2,7.2380,0.0894,713
THA,male,1-3hr,3,7.3306,0.0714,1041
THA,male,3-5hr,4,7.4839,0.0752,874
THA,male,5-7hr,5,7.4497,0.1159,449
THA,male,>7hr,6,7.3325,0.1345,379
TUR,female,None,1,4.0091,0.1473,419
TUR,female,<1hr,2,4.7075,0.1216,552
TUR,female,1-3hr,3,5.0140,0.0773,1197
TUR,female,3-5hr,4,4.6890,0.1028,686
TUR,female,5-7hr,5,4.3266,0.1567,314
TUR,female,>7hr,6,4.2840,0.1984,242
TUR,male,None,1,4.7250,0.1733,379
TUR,male,<1hr,2,5.2071,0.1155,699
TUR,male,1-3hr,3,5.2292,0.0790,1159
TUR,male,3-5hr,4,5.3392,0.1146,641
TUR,male,5-7hr,5,5.3392,0.1692,326
TUR,male,>7hr,6,4.7895,0.1938,302
URY,female,None,1,6.6339,0.2558,114
URY,female,<1hr,2,6.8479,0.1744,187
URY,female,1-3hr,3,6.8126,0.1046,484
URY,female,3-5hr,4,6.7587,0.1001,505
URY,female,5-7hr,5,6.6366,0.1280,313
URY,female,>7hr,6,6.3427,0.1489,289
URY,male,None,1,6.8901,0.2274,129
URY,male,<1hr,2,7.4501,0.1375,288
URY,male,1-3hr,3,7.4595,0.0857,554
URY,male,3-5hr,4,7.4752,0.0962,487
URY,male,5-7hr,5,7.5035,0.1332,266
URY,male,>7hr,6,7.6049,0.1860,176
USA,female,None,1,,,0
USA,female,<1hr,2,,,0
USA,female,1-3hr,3,,,0
USA,female,3-5hr,4,,,0
USA,female,5-7hr,5,,,0
USA,female,>7hr,6,,,0
USA,male,None,1,,,0
USA,male,<1hr,2,,,0
USA,male,1-3hr,3,,,0
USA,male,3-5hr,4,,,0
USA,male,5-7hr,5,,,0
USA,male,>7hr,6,,,0
